,index,Rk,Gtm,Date,Unnamed: 3,Opp,Rslt,IP,H,R,ER,UER,BB,SO,HR,HBP,ERA,BF,Pit,Str,IR,IS,SB,CS,AB,2B,3B,IBB,SH,SF,ROE,GDP,#,Umpire,Pitchers Used (Rest-GameScore-Dec)
0,0,1,1,Apr 5,,LAD,"W,11-5",9.0,12,5,5,0,2,5,0,1,5.0,42,142,94,2.0,1.0,0,0,37,4,0,0,2,0,0,0,6,Larry Vanover,"Z.Duke (99-45-W), J.Taschner (99), D.Carrasco (99), E.Meek (99), B.Donnelly (99-H), O.Dotel (99)"
1,1,2,2,Apr 7,,LAD,"W,4-3",10.0,5,3,2,1,9,3,1,0,3.32,45,196,104,1.0,0.0,3,0,34,2,0,1,2,0,1,0,6,Mark Carlson,"R.Ohlendorf (99-47), E.Meek (1), J.Lopez (99), D.Carrasco (1), O.Dotel (1), B.Donnelly (1-W)"
2,2,3,3,Apr 8,,LAD,"L,2-10",9.0,16,10,10,0,2,4,1,0,5.46,43,149,101,0.0,0.0,0,0,38,5,1,0,1,2,1,1,4,Ron Kulpa,"P.Maholm (99-45-L), H.Penn (99), J.Taschner (2), J.Lopez (0)"
3,3,4,4,Apr 9,@,ARI,"L,1-9",8.0,14,9,9,0,2,8,1,1,6.5,39,159,98,2.0,1.0,1,0,36,2,0,0,0,0,1,2,4,Chad Fairchild,"C.Morton (99-15-L), D.Carrasco (1), E.Meek (1), H.Penn (0)"
4,4,5,5,Apr 10,@,ARI,"W,6-3",9.0,5,3,3,0,4,5,1,0,5.8,34,147,84,4.0,1.0,0,0,29,2,0,0,0,1,0,2,5,Mike Reilly,"Z.Duke (4-61-W), J.Taschner (1), B.Donnelly (2-H), J.Lopez (1-H), O.Dotel (2-Sv)"
5,5,6,6,Apr 11,@,ARI,"L,6-15",8.0,12,15,15,0,6,7,4,0,7.47,43,162,90,4.0,4.0,0,0,37,1,1,0,0,0,1,1,5,Eric Cooper,"D.McCutchen (99-11-L), H.Penn (1), J.Taschner (0), E.Meek (1), J.Lopez (0)"
6,6,7,7,Apr 12,@,SFG,"L,3-9",8.0,12,9,9,0,6,8,1,3,7.82,43,166,96,0.0,0.0,0,0,34,4,1,1,0,0,0,1,4,Gary Cederstrom,"B.Burres (99-22-L), D.Carrasco (2), J.Hanrahan (99), B.Donnelly (1)"
7,7,8,8,Apr 13,@,SFG,"W,6-5",9.0,11,5,5,0,3,8,1,0,7.46,39,167,108,1.0,1.0,0,0,36,4,0,0,0,0,0,1,4,Ed Hickox,"P.Maholm (4-39), E.Meek (1-BW), B.Donnelly (0-H), O.Dotel (2-Sv)"
8,8,9,9,Apr 14,@,SFG,"L,0-6",8.0,10,6,6,0,0,6,3,0,7.38,33,107,69,0.0,0.0,0,0,32,2,0,0,1,0,0,1,3,Fieldin Culbreth,"C.Morton (4-35-L), J.Taschner (2), J.Hanrahan (1)"
9,9,10,10,Apr 16,,CIN,"W,4-3",9.0,7,3,3,0,7,4,0,0,6.93,39,141,78,6.0,2.0,2,0,31,1,1,0,0,1,0,2,5,Angel Hernandez,"Z.Duke (5-60), J.Hanrahan (1-H), J.Lopez (4), B.Donnelly (2-H), O.Dotel (2-BW)"
10,10,11,11,Apr 17,,CIN,"W,5-4",9.0,6,4,4,0,3,6,0,0,6.66,35,130,76,0.0,0.0,1,1,30,3,0,0,0,2,0,0,4,Paul Schrieber,"D.McCutchen (5-40), D.Carrasco (4), E.Meek (3), J.Taschner (2-W)"
11,11,12,12,Apr 18,,CIN,"W,5-3",9.0,5,3,3,0,2,9,2,0,6.34,35,134,85,1.0,0.0,0,0,33,1,0,0,0,0,1,0,4,Rob Drake,"P.Maholm (4-62-W), J.Hanrahan (1-H), B.Donnelly (1-H), O.Dotel (1-Sv)"
12,12,13,13,Apr 20,,MIL,"L,1-8",9.0,9,8,7,1,7,4,1,0,6.39,43,169,97,3.0,1.0,1,0,34,3,1,0,1,1,0,0,5,Jerry Layne,"C.Morton (5-17-L), B.Burres (7), D.Carrasco (2), J.Taschner (2), J.Lopez (3)"
13,13,14,14,Apr 21,,MIL,"L,0-8",9.0,12,8,7,1,5,7,3,1,6.44,45,165,94,1.0,0.0,2,0,39,3,2,0,0,0,1,1,3,Mike Winters,"Z.Duke (4-26-L), E.Meek (3), J.Taschner (0)"
14,14,15,15,Apr 22,,MIL,"L,0-20",9.0,25,20,18,2,6,8,4,0,7.23,59,228,139,3.0,2.0,2,0,52,7,1,0,0,1,1,0,6,Hunter Wendelstedt,"D.McCutchen (4-22-L), D.Carrasco (1), J.Lopez (1), J.Hanrahan (3), B.Donnelly (3), O.Dotel (3)"
15,15,16,16,Apr 23,@,HOU,"L,3-4",8.0,6,4,2,2,2,4,0,0,6.94,31,110,64,0.0,0.0,0,0,29,3,0,0,0,0,1,1,2,Mike Muchlinski,"P.Maholm (4-54-L), E.Meek (1)"
16,16,17,17,Apr 24,@,HOU,"L,2-5",8.0,13,5,5,0,2,5,1,0,6.87,37,113,74,5.0,2.0,0,0,34,3,0,0,1,0,1,2,6,Lance Barksdale,"C.Jakubauskas (99-40-L), D.Carrasco (1), J.Lopez (1), J.Taschner (2), D.McCutchen (1), B.Donnelly (1)"
17,17,18,18,Apr 25,@,HOU,"L,3-10",8.0,10,10,9,1,8,7,1,1,7.04,42,179,97,3.0,0.0,6,0,33,2,1,0,0,0,0,1,4,Tom Hallion,"C.Morton (4-29-L), B.Bass (99), B.Burres (4), J.Lopez (0)"
18,18,19,19,Apr 26,@,MIL,"L,3-17",8.0,17,17,17,0,8,12,2,1,7.63,51,211,119,0.0,0.0,1,0,41,3,0,1,0,1,1,0,5,Tim Welke,"Z.Duke (4-12-L), E.Meek (2), J.Hanrahan (3), O.Dotel (3), B.Donnelly (1)"
19,19,20,20,Apr 27,@,MIL,"W,7-3",9.0,8,3,3,0,5,6,2,0,7.39,39,142,83,3.0,0.0,1,0,34,3,0,0,0,0,0,1,5,Sam Holbrook,"J.Karstens (99-54), J.Hanrahan (0), J.Lopez (1), B.Donnelly (0-W), D.Carrasco (2)"
20,20,21,21,Apr 28,@,MIL,"W,6-5",14.0,10,5,5,0,8,13,2,0,7.07,57,211,125,0.0,0.0,1,0,49,2,0,1,0,0,0,1,5,D.J. Reyburn,"P.Maholm (4-48), E.Meek (1), J.Hanrahan (0), O.Dotel (1-BSv), D.Carrasco (0-W)"
21,21,22,22,Apr 29,@,LAD,"W,2-0",9.0,4,0,0,0,4,6,0,0,6.75,34,133,74,2.0,0.0,0,0,30,1,0,0,0,0,0,0,3,Kerwin Danley,"B.Burres (3-59-W), J.Taschner (4-H), E.Meek (0-Sv)"
22,22,23,23,Apr 30,@,LAD,"L,2-6",8.0,7,6,3,3,2,9,2,0,6.62,34,132,84,0.0,0.0,1,1,30,0,0,1,1,1,2,0,2,CB Bucknor,"C.Morton (4-48-L), J.Lopez (2)"
23,24,24,24,May 1,@,LAD,"L,1-5",8.0,11,5,5,0,2,7,1,0,6.58,37,140,102,1.0,0.0,0,0,35,5,0,0,0,0,0,0,3,Doug Eddings,"Z.Duke (4-41-L), J.Taschner (1), D.Carrasco (2)"
24,25,25,25,May 2,@,LAD,"L,3-9",8.0,16,9,9,0,2,6,2,0,6.71,40,145,93,0.0,0.0,0,1,37,4,1,0,1,0,0,0,3,Dana DeMuth,"J.Karstens (4-23-L), B.Bass (6), J.Hanrahan (3)"
25,26,26,26,May 4,,CHC,"W,3-2",9.0,8,2,2,0,5,5,2,1,6.52,41,153,84,0.0,0.0,1,0,34,1,0,0,1,0,0,0,4,Dale Scott,"P.Maholm (5-46-W), E.Meek (4-H), J.Hanrahan (1-H), O.Dotel (5-Sv)"
26,27,27,27,May 5,,CHC,"W,4-2",9.0,5,2,2,0,0,7,0,2,6.35,33,121,84,1.0,0.0,0,0,30,0,0,0,0,1,0,1,4,Jerry Meals,"C.Morton (4-57-W), E.Meek (0-H), J.Hanrahan (0-H), O.Dotel (0-Sv)"
27,28,28,28,May 6,,CHC,"W,11-1",9.0,6,1,1,0,3,6,0,0,6.16,36,124,78,0.0,0.0,0,0,33,5,0,0,0,0,0,0,3,Mark Wegner,"B.Burres (6-72-W), J.Lopez (5), D.Carrasco (4)"
28,29,29,29,May 7,,STL,"L,3-4",9.0,13,4,1,3,3,11,0,0,5.98,44,152,105,4.0,0.0,3,0,39,2,0,1,2,0,2,0,4,Fieldin Culbreth,"Z.Duke (5-54), D.Carrasco (0), J.Taschner (5), E.Meek (1-L)"
29,30,30,30,May 8,,STL,"W,2-0",9.0,4,0,0,0,4,8,0,1,5.77,34,126,76,0.0,0.0,0,0,29,2,0,1,0,0,0,1,5,Marty Foster,"J.Karstens (5-68-W), D.Carrasco (0-H), J.Taschner (0-H), J.Hanrahan (2-H), O.Dotel (2-Sv)"
30,31,31,31,May 9,,STL,"L,4-11",9.0,11,11,9,2,8,2,0,1,5.88,49,205,108,4.0,2.0,1,0,40,2,1,2,0,0,2,0,5,Gary Cederstrom,"P.Maholm (4-27-L), B.Bass (6), D.Carrasco (0), J.Taschner (0), J.Lopez (2)"
31,32,32,32,May 10,,CIN,"L,1-2",9.0,7,2,1,1,4,4,0,0,5.72,37,146,91,0.0,0.0,0,0,32,4,0,0,1,0,1,1,4,Brian Knight,"R.Ohlendorf (32-51-L), J.Lopez (0), E.Meek (2), J.Hanrahan (1)"
32,33,33,33,May 11,,CIN,"L,0-9",9.0,15,9,9,0,4,7,1,0,5.83,45,173,108,3.0,1.0,1,1,40,4,1,1,0,1,0,0,5,Greg Gibson,"C.Morton (5-48-L), D.Carrasco (1), J.Taschner (1), J.Karstens (2), B.Burres (4)"
33,34,34,34,May 12,,CIN,"L,0-5",9.0,10,5,5,0,2,8,2,0,5.8,37,150,89,0.0,0.0,0,1,34,3,0,0,1,0,0,1,5,Gerry Davis,"Z.Duke (4-30-L), J.Lopez (1), E.Meek (1), J.Hanrahan (1), O.Dotel (3)"
34,35,35,35,May 14,@,CHC,"W,10-6",9.0,11,6,5,1,3,10,1,1,5.78,41,156,98,0.0,0.0,0,0,36,3,0,1,0,1,1,1,5,Ted Barrett,"B.Burres (2-26), D.Carrasco (2), E.Meek (1-W), J.Hanrahan (1-H), O.Dotel (1)"
35,36,36,36,May 15,@,CHC,"W,4-3",9.0,9,3,3,0,2,7,0,1,5.7,38,154,91,0.0,0.0,0,0,35,4,1,0,0,0,0,0,4,Tony Randazzo,"P.Maholm (5-52-W), D.Carrasco (0-H), J.Hanrahan (0-H), O.Dotel (0-Sv)"
36,37,37,37,May 16,@,CHC,"L,3-4",8.0,8,4,3,1,4,3,0,0,5.64,37,121,70,3.0,1.0,1,0,33,2,0,0,0,0,1,0,4,Paul Nauert,"R.Ohlendorf (5-56), E.Meek (1-BSv), D.Carrasco (0-L), J.Lopez (3)"
37,38,38,38,May 17,@,PHI,"L,2-12",8.0,13,12,11,1,2,5,2,1,5.8,41,146,93,1.0,1.0,2,0,38,2,0,0,0,0,1,0,3,Gary Darling,"C.Morton (5-29-L), J.Karstens (5), J.Taschner (5)"
38,39,39,39,May 18,@,PHI,"W,2-1",9.0,6,1,1,0,3,8,0,0,5.68,34,135,82,0.0,0.0,0,0,31,0,0,0,0,0,0,1,4,Bruce Dreckman,"Z.Duke (5-59-W), E.Meek (1-H), J.Hanrahan (2-H), O.Dotel (2-Sv)"
39,40,40,40,May 19,,MIL,"W,6-4",9.0,10,4,4,0,3,9,1,1,5.63,41,124,90,3.0,0.0,1,0,36,3,0,1,1,0,1,0,5,Laz Diaz,"B.Burres (4-48), D.Carrasco (2), J.Lopez (2-W), J.Hanrahan (0-H), O.Dotel (0-Sv)"
40,41,41,41,May 20,,MIL,"L,3-4",9.0,5,4,4,0,3,8,0,0,5.59,34,130,82,0.0,0.0,0,0,31,1,1,0,0,0,0,1,4,John Hirschbeck,"P.Maholm (4-57-L), J.Karstens (2), J.Lopez (0), B.Donnelly (22)"
41,42,42,42,May 21,,ATL,"L,0-7",9.0,9,7,7,0,5,4,2,0,5.63,40,135,88,1.0,0.0,0,0,34,3,0,0,1,0,0,0,4,Bob Davidson,"R.Ohlendorf (4-23-L), J.Karstens (0), D.Carrasco (1), B.Donnelly (0)"
42,43,43,43,May 22,,ATL,"L,2-4",9.0,7,4,3,1,6,7,2,0,5.57,41,169,96,0.0,0.0,1,1,34,0,0,0,1,0,1,0,4,Alfonso Marquez,"C.Morton (4-50-L), J.Lopez (1), E.Meek (3), J.Hanrahan (2)"
43,44,44,44,May 23,,ATL,"W,3-2",10.0,8,2,1,1,3,8,1,0,5.45,39,149,93,0.0,0.0,1,0,35,1,0,1,1,0,1,3,4,Tim Timmons,"Z.Duke (4-66), E.Meek (0-BSv), B.Donnelly (1), O.Dotel (3-W)"
44,45,45,45,May 24,@,CIN,"L,5-7",8.0,10,7,6,1,5,8,1,1,5.47,36,137,82,1.0,1.0,1,0,30,3,0,0,0,0,1,4,4,Jim Joyce,"B.Burres (4-33-L), J.Karstens (2), D.Carrasco (2), J.Lopez (1)"
45,46,46,46,May 25,@,CIN,"W,2-1",9.0,8,1,1,0,2,5,1,0,5.37,35,110,70,0.0,0.0,0,0,32,3,0,0,1,0,0,1,3,Jim Wolf,"P.Maholm (4-65), J.Hanrahan (2-BW), O.Dotel (1-Sv)"
46,47,47,47,May 26,@,CIN,"L,0-4",8.0,10,4,4,0,7,5,2,1,5.36,39,124,69,0.0,0.0,3,1,29,0,0,0,1,1,0,1,3,Todd Tichenor,"R.Ohlendorf (4-44-L), D.Carrasco (1), B.Donnelly (2)"
47,48,48,48,May 27,@,CIN,"L,2-8",8.0,12,8,6,2,4,7,2,0,5.38,40,144,91,0.0,0.0,1,0,35,1,0,1,0,1,1,0,4,Marvin Hudson,"C.Morton (4-15-L), J.Karstens (2), J.Lopez (2), E.Meek (3)"
48,49,49,49,May 28,@,ATL,"L,3-7",8.0,13,7,7,0,2,8,0,1,5.43,40,127,82,2.0,0.0,0,0,37,3,0,0,0,0,0,0,3,Phil Cuzzi,"Z.Duke (4-18-L), S.Jackson (99), J.Hanrahan (2)"
49,50,50,50,May 29,@,ATL,"L,3-6",8.0,9,6,6,0,4,4,1,1,5.45,38,138,74,3.0,3.0,2,0,31,3,0,0,1,1,0,0,4,Chris Guccione,"B.Burres (4-36-L), J.Lopez (1), B.Donnelly (2), E.Meek (1)"
50,51,51,51,May 30,@,ATL,"L,2-5",8.0,12,5,5,0,6,7,1,0,5.46,41,160,97,2.0,2.0,2,1,34,2,1,0,0,1,0,0,3,Brian O'Nora,"P.Maholm (4-46), J.Hanrahan (1-L), J.Lopez (0)"
51,52,52,52,May 31,,CHC,"W,2-1",9.0,4,1,1,0,3,9,0,1,5.37,36,130,84,0.0,0.0,1,0,32,0,1,0,0,0,1,0,3,Andy Fletcher,"R.Ohlendorf (4-71), E.Meek (1-W), O.Dotel (5-Sv)"
52,54,53,53,Jun 1,,CHC,"W,3-2",9.0,7,2,2,0,3,7,1,0,5.3,37,142,93,0.0,0.0,0,0,33,1,1,0,1,0,0,0,4,Tim McClelland,"J.Karstens (4-52), J.Lopez (1), J.Hanrahan (1-W), O.Dotel (0-Sv)"
53,55,54,54,Jun 4,,SFG,"L,4-6",9.0,10,6,6,0,0,8,3,0,5.32,34,116,87,0.0,0.0,0,0,34,2,0,0,0,0,0,3,4,Tim Welke,"Z.Duke (6-33-L), E.Meek (3), B.Donnelly (5), J.Hanrahan (2)"
54,56,55,55,Jun 5,,SFG,"W,6-3",9.0,9,3,3,0,2,4,0,0,5.27,38,138,87,1.0,0.0,1,0,36,4,0,0,0,0,1,1,4,Jim Reynolds,"P.Maholm (5-54-W), E.Meek (0), J.Hanrahan (0), O.Dotel (3)"
55,57,56,56,Jun 6,,SFG,"L,5-6",10.0,12,6,4,2,7,4,0,1,5.24,50,197,111,3.0,1.0,5,0,38,4,0,2,0,4,1,0,6,Bill Welke,"R.Ohlendorf (5-43), D.Carrasco (10), B.Donnelly (1), J.Lopez (4), E.Meek (0), O.Dotel (0-L)"
56,58,57,57,Jun 7,,CHC,"L,1-6",9.0,10,6,6,0,6,6,0,1,5.25,42,157,88,0.0,0.0,3,1,34,3,0,1,0,1,0,1,4,Mike DiMuro,"D.Eveland (15-41-L), D.Carrasco (0), J.Taschner (20), J.Hanrahan (1)"
57,59,58,58,Jun 8,@,WSN,"L,2-5",8.0,11,5,5,0,1,1,3,0,5.26,34,104,76,0.0,0.0,0,0,33,2,0,0,0,0,0,1,3,Tom Hallion,"J.Karstens (6-33-L), E.Meek (1), J.Lopez (1)"
58,60,59,59,Jun 9,@,WSN,"L,5-7",8.0,10,7,7,0,4,3,1,0,5.3,37,125,74,0.0,0.0,1,1,31,3,0,0,1,1,0,0,3,Ron Kulpa,"B.Lincoln (99-39), D.Carrasco (1-L), B.Donnelly (2)"
59,61,60,60,Jun 10,@,WSN,"L,2-4",8.0,10,4,3,1,4,6,3,0,5.27,37,134,83,3.0,0.0,0,0,32,1,0,0,1,0,0,0,4,Lance Barksdale,"Z.Duke (5-41-L), E.Meek (1), J.Hanrahan (2), B.Donnelly (0)"
60,62,61,61,Jun 11,@,DET,"L,2-6",8.0,12,6,6,0,1,8,2,0,5.29,37,130,83,0.0,0.0,2,0,36,3,0,0,0,0,0,0,2,Greg Gibson,"R.Ohlendorf (4-34-L), D.Eveland (3)"
61,63,62,62,Jun 12,@,DET,"L,3-4",9.0,13,4,2,2,4,5,1,0,5.24,42,172,108,0.0,0.0,2,1,37,1,0,0,0,1,1,1,4,D.J. Reyburn,"P.Maholm (6-51), E.Meek (1-BSv), J.Hanrahan (1), B.Donnelly (1-L)"
62,64,63,63,Jun 13,@,DET,"L,3-4",8.0,7,4,4,0,2,4,2,0,5.23,32,118,81,4.0,2.0,0,0,30,0,0,0,0,0,0,1,4,Gerry Davis,"J.Karstens (4-59), D.Carrasco (3-H), J.Lopez (4-L), O.Dotel (6-BSv)"
63,65,64,64,Jun 15,,CHW,"L,4-6",9.0,7,6,6,0,5,5,0,2,5.24,40,145,85,0.0,0.0,0,1,31,3,0,0,2,0,0,0,3,Tony Randazzo,"B.Lincoln (5-39-L), D.Carrasco (1), O.Dotel (1)"
64,66,65,65,Jun 16,,CHW,"L,2-7",9.0,11,7,5,2,2,3,0,0,5.24,40,146,98,1.0,0.0,2,0,38,3,1,0,0,0,2,2,4,Brian Gorman,"Z.Duke (5-34-L), J.Lopez (2), E.Meek (3), B.Donnelly (3)"
65,67,66,66,Jun 17,,CHW,"L,4-5",9.0,11,5,5,0,0,5,0,1,5.23,38,124,85,1.0,1.0,1,0,34,4,1,0,1,2,0,0,4,Paul Nauert,"R.Ohlendorf (5-39-L), J.Hanrahan (4), D.Carrasco (1), E.Meek (0)"
66,68,67,67,Jun 18,,CLE,"L,3-4",9.0,9,4,4,0,2,6,0,2,5.21,38,128,87,2.0,1.0,1,0,34,3,0,0,0,0,0,1,4,Gary Darling,"P.Maholm (5-47-L), J.Hanrahan (0), B.Donnelly (1), O.Dotel (2)"
67,69,68,68,Jun 19,,CLE,"W,6-4",9.0,9,4,4,0,2,5,1,0,5.19,38,134,89,3.0,0.0,0,0,36,2,0,0,0,0,0,0,6,Bruce Dreckman,"J.Karstens (5-42-W), D.Carrasco (1), J.Lopez (2-H), E.Meek (1-H), J.Hanrahan (0-H), O.Dotel (0-Sv)"
68,70,69,69,Jun 20,,CLE,"W,5-3",9.0,11,3,3,0,1,6,1,1,5.16,38,150,99,0.0,0.0,0,1,36,3,0,0,0,0,0,0,4,Paul Emmel,"B.Lincoln (4-45), J.Lopez (0), B.Donnelly (1-W), O.Dotel (0-Sv)"
69,71,70,70,Jun 22,@,TEX,"L,3-6",8.0,7,6,6,0,6,2,3,0,5.18,35,135,73,6.0,1.0,0,0,28,1,0,1,0,1,0,1,4,Paul Schrieber,"R.Ohlendorf (4-37-L), D.Carrasco (2), J.Lopez (1), B.Donnelly (1)"
70,72,71,71,Jun 23,@,TEX,"L,3-13",8.0,17,13,11,2,7,3,1,1,5.28,50,181,101,5.0,1.0,0,0,41,2,0,1,0,1,1,0,6,Rob Drake,"P.Maholm (4-11-L), D.Eveland (11), D.Carrasco (0), J.Hanrahan (3), J.Lopez (0), E.Meek (3)"
71,73,72,72,Jun 24,@,TEX,"L,5-6",8.2,12,6,5,1,2,6,0,0,5.27,40,140,97,4.0,0.0,2,0,36,2,1,0,0,2,1,0,6,Joe West,"J.Karstens (4-48), B.Donnelly (1-H), J.Lopez (0-H), E.Meek (0-BSv), J.Hanrahan (0), S.Jackson (26-L)"
72,74,73,73,Jun 25,@,OAK,"L,4-14",8.0,17,14,12,2,4,3,0,0,5.38,46,174,103,4.0,4.0,1,0,39,3,2,1,0,3,1,0,5,Ed Rapuano,"B.Lincoln (4-39-L), D.Carrasco (1), J.Lopez (0), B.Donnelly (0), J.Thomas (99)"
73,75,74,74,Jun 26,@,OAK,"L,0-5",8.0,8,5,5,0,4,3,1,0,5.38,35,134,80,0.0,0.0,2,1,31,3,0,0,0,0,0,0,3,Tom Hallion,"D.McCutchen (62-42-L), J.Thomas (0), O.Dotel (5)"
74,76,75,75,Jun 27,@,OAK,"L,2-3",8.0,3,3,0,3,4,7,1,0,5.31,32,143,92,0.0,0.0,0,0,28,0,0,0,0,0,1,0,2,Ron Kulpa,"R.Ohlendorf (4-63), E.Meek (2-L)"
75,77,76,76,Jun 28,@,CHC,"W,2-1",9.0,7,1,1,0,0,5,0,1,5.26,35,123,83,0.0,0.0,1,0,34,2,0,0,0,0,0,1,2,Dan Iassogna,"P.Maholm (4-66-W), O.Dotel (1-Sv)"
76,78,77,77,Jun 29,@,CHC,"L,1-3",8.0,8,3,2,1,2,4,2,0,5.22,33,116,81,1.0,0.0,0,1,30,3,0,1,0,1,0,0,4,Dale Scott,"J.Karstens (4-49-L), J.Lopez (3), B.Donnelly (3), D.Carrasco (3)"
77,79,78,78,Jun 30,@,CHC,"W,2-0",9.0,5,0,0,0,1,8,0,1,5.15,32,112,71,0.0,0.0,0,0,30,1,0,0,0,0,0,1,3,Jerry Meals,"B.Lincoln (4-74-W), J.Hanrahan (5-H), O.Dotel (1-Sv)"
78,81,79,79,Jul 1,,PHI,"W,3-2",9.0,8,2,1,1,1,6,1,0,5.1,37,130,81,2.0,0.0,2,0,35,1,0,0,1,0,1,0,5,Chris Guccione,"D.McCutchen (4-54-W), J.Lopez (1-H), D.Carrasco (1-H), E.Meek (3-H), O.Dotel (0-Sv)"
79,82,80,80,Jul 2,,PHI,"W,2-0",9.0,5,0,0,0,1,8,0,1,5.03,33,115,77,0.0,0.0,1,0,30,1,0,1,1,0,0,1,3,Mike Estabrook,"R.Ohlendorf (4-74-W), J.Hanrahan (1-H), O.Dotel (0-Sv)"
80,83,81,81,Jul 3,,PHI,"L,4-12",9.0,15,12,11,1,2,4,2,0,5.11,44,148,106,1.0,0.0,0,0,42,4,1,0,0,0,1,1,5,Brian O'Nora,"P.Maholm (4-8-L), J.Thomas (6), B.Donnelly (3), D.Carrasco (1), J.Lopez (1)"
81,84,82,82,Jul 4,,PHI,"W,8-5",9.0,9,5,5,0,0,4,1,0,5.11,35,125,80,0.0,0.0,0,0,34,3,0,0,0,1,1,2,4,Phil Cuzzi,"J.Karstens (4-36), E.Meek (2-W), J.Hanrahan (1-H), O.Dotel (1-Sv)"
82,85,83,83,Jul 6,@,HOU,"L,2-6",8.0,12,6,6,0,2,3,2,0,5.12,37,135,86,0.0,0.0,1,0,35,2,0,0,0,0,0,1,4,Jeff Kellogg,"B.Lincoln (5-32-L), D.Carrasco (2), J.Lopez (2), B.Donnelly (2)"
83,86,84,84,Jul 7,@,HOU,"L,3-6",8.0,7,6,5,1,7,7,4,0,5.13,38,138,79,0.0,0.0,1,0,31,0,0,1,0,0,0,0,4,Jeff Nelson,"D.McCutchen (5-43-L), D.Carrasco (0), E.Meek (2), J.Hanrahan (2)"
84,87,85,85,Jul 8,@,HOU,"L,0-2",8.0,9,2,2,0,1,6,2,0,5.1,33,130,81,2.0,0.0,2,0,32,0,1,0,0,0,0,0,3,Mark Carlson,"R.Ohlendorf (5-59-L), B.Donnelly (1), J.Lopez (1)"
85,88,86,86,Jul 9,@,MIL,"L,4-5",9.2,8,5,5,0,3,7,2,3,5.09,40,149,88,0.0,0.0,2,0,34,0,1,1,0,0,0,2,4,Tim Timmons,"P.Maholm (5-65), J.Hanrahan (1-H), O.Dotel (4-BSv), E.Meek (1-L)"
86,89,87,87,Jul 10,@,MIL,"L,3-4",8.0,9,4,4,0,7,9,2,1,5.09,39,143,82,3.0,0.0,1,1,30,1,0,1,0,1,0,0,4,Bob Davidson,"J.Karstens (5-40-L), S.Gallagher (9), J.Lopez (1), D.Carrasco (2)"
87,90,88,88,Jul 11,@,MIL,"L,5-6",8.1,11,6,6,0,3,6,3,0,5.1,38,127,79,2.0,0.0,1,0,33,2,0,0,1,1,0,1,5,Chris Guccione,"B.Lincoln (4-47), J.Lopez (0-H), B.Donnelly (2-H), J.Hanrahan (1-BSv), O.Dotel (1-BL)"
88,91,89,89,Jul 16,,HOU,"L,2-5",9.0,8,5,5,0,2,11,1,0,5.1,37,152,99,1.0,0.0,2,0,33,2,0,0,2,0,0,0,6,Wally Bell,"Z.Duke (29-54-L), D.Carrasco (5), S.Gallagher (5), J.Lopez (4), E.Meek (6), B.Donnelly (4)"
89,92,90,90,Jul 17,,HOU,"W,12-6",9.0,7,6,6,0,3,6,1,1,5.11,37,146,94,5.0,2.0,0,0,33,3,0,0,0,0,0,1,7,Laz Diaz,"R.Ohlendorf (8-27), D.Carrasco (0), J.Lopez (0-BW), B.Donnelly (0-H), E.Meek (0-H), J.Hanrahan (5-H), O.Dotel (5)"
90,93,91,91,Jul 18,,HOU,"W,9-0",9.0,3,0,0,0,0,1,0,0,5.05,29,103,70,,,0,0,29,0,0,0,0,0,1,2,1,Vic Carapazza,P.Maholm (8-82-W)
91,94,92,92,Jul 19,,MIL,"L,1-3",9.0,3,3,3,0,1,7,2,0,5.03,31,108,79,1.0,0.0,0,0,30,0,0,0,0,0,0,0,5,Manny Gonzalez,"J.Karstens (8-60-L), J.Lopez (1), B.Donnelly (1), E.Meek (1), J.Hanrahan (1)"
92,95,93,93,Jul 20,,MIL,"W,11-9",9.0,14,9,9,0,2,12,2,1,5.07,43,160,107,2.0,0.0,1,1,40,3,1,0,0,0,0,0,7,Derryl Cousins,"B.Lincoln (8-12), D.Carrasco (2-W), B.Donnelly (0-H), J.Lopez (0-H), E.Meek (0-H), J.Hanrahan (0-H), O.Dotel (2-Sv)"
93,96,94,94,Jul 21,,MIL,"W,15-3",9.0,7,3,2,1,2,6,1,1,5.04,37,141,91,2.0,0.0,0,0,33,1,0,0,0,1,1,1,3,D.J. Reyburn,"Z.Duke (4-51-W), B.Donnelly (0), S.Gallagher (4)"
94,97,95,95,Jul 22,,MIL,"L,2-3",9.0,10,3,3,0,2,9,2,1,5.02,39,156,100,0.0,0.0,0,0,35,2,1,0,1,0,0,0,4,Mike Muchlinski,"R.Ohlendorf (4-63-L), E.Meek (1), J.Lopez (1), J.Hanrahan (1)"
95,98,96,96,Jul 23,,SDP,"L,3-5",9.0,9,5,5,0,7,4,0,0,5.02,41,155,85,3.0,1.0,1,1,30,1,1,0,1,3,0,0,4,Bill Welke,"P.Maholm (4-38-L), B.Donnelly (1), D.Carrasco (2), S.Gallagher (1)"
96,99,97,97,Jul 24,,SDP,"L,2-9",9.0,11,9,5,4,5,7,0,0,5.02,42,165,100,3.0,3.0,2,0,36,2,0,1,0,1,2,3,5,Mike DiMuro,"J.Karstens (4-49-L), J.Lopez (1), S.Gallagher (0), D.Carrasco (0), O.Dotel (3)"
97,100,98,98,Jul 25,,SDP,"L,3-6",9.0,8,6,6,0,2,4,2,1,5.03,38,135,87,0.0,0.0,1,0,35,2,0,0,0,0,0,0,3,Jim Reynolds,"B.Lincoln (4-34-L), E.Meek (2), J.Hanrahan (2)"
98,101,99,99,Jul 27,@,COL,"W,4-2",9.0,6,2,2,0,3,5,2,0,5.0,35,126,81,0.0,0.0,0,0,31,3,0,0,1,0,0,0,4,Jeff Kellogg,"Z.Duke (5-60-W), E.Meek (1-H), J.Hanrahan (1-H), O.Dotel (2-Sv)"
99,102,100,100,Jul 28,@,COL,"W,6-2",9.0,10,2,1,1,3,8,1,0,4.95,38,145,88,2.0,0.0,0,0,35,2,0,0,0,0,0,0,7,Jeff Nelson,"R.Ohlendorf (5-44), S.Gallagher (3-W), W.Ledezma (99), J.Lopez (3), D.Carrasco (3-H), J.Hanrahan (0), O.Dotel (0)"
100,103,101,101,Jul 29,@,COL,"L,3-9",8.0,15,9,9,0,3,4,2,0,5.0,41,155,97,1.0,1.0,2,0,37,1,0,1,0,1,0,1,3,Alan Porter,"P.Maholm (5-14-L), S.Jackson (34), J.Lopez (0)"
101,104,102,102,Jul 30,@,STL,"L,0-1",9.1,9,1,1,0,1,5,0,0,4.96,34,118,79,0.0,0.0,0,3,32,1,0,0,1,0,0,1,4,Adrian Johnson,"J.Karstens (5-60), E.Meek (2), J.Hanrahan (1), J.Lopez (0-L)"
102,105,103,103,Jul 31,@,STL,"L,1-11",8.0,15,11,10,1,8,2,2,0,5.02,46,180,98,4.0,2.0,1,0,37,2,0,0,0,1,1,1,4,Tim McClelland,"D.McCutchen (23-38-L), S.Jackson (1), W.Ledezma (2), S.Gallagher (2)"
103,107,104,104,Aug 1,@,STL,"L,1-9",8.0,14,9,9,0,3,2,2,0,5.06,39,154,91,0.0,0.0,0,1,35,2,0,0,0,1,0,1,4,Andy Fletcher,"Z.Duke (4-29-L), J.Thomas (28), S.Gallagher (0), S.Jackson (0)"
104,108,105,105,Aug 2,,CIN,"L,0-4",9.0,7,4,4,0,4,8,1,1,5.05,38,144,88,0.0,0.0,1,0,32,2,0,0,0,1,0,1,4,Doug Eddings,"R.Ohlendorf (4-45-L), W.Ledezma (1), J.Hanrahan (2), J.Thomas (0)"
105,109,106,106,Aug 3,,CIN,"W,7-6",9.0,11,6,6,0,5,6,0,1,5.06,43,152,93,2.0,1.0,0,0,37,2,0,1,0,0,0,1,3,Dana DeMuth,"P.Maholm (4-38-W), E.Meek (3-H), J.Hanrahan (0-Sv)"
106,110,107,107,Aug 4,,CIN,"L,4-9",9.0,16,9,9,0,3,5,1,0,5.1,43,142,85,2.0,2.0,0,1,37,4,1,1,2,1,0,1,6,Angel Campos,"J.Karstens (4-37-L), S.Gallagher (2), W.Ledezma (1), S.Jackson (2), J.Thomas (1), D.McCutchen (3)"
107,111,108,108,Aug 5,,COL,"W,5-1",9.0,7,1,1,0,3,11,0,0,5.06,35,155,91,2.0,1.0,0,0,31,0,0,0,1,0,0,2,5,Mike Reilly,"J.McDonald (6-71-W), W.Ledezma (0), S.Gallagher (0), J.Thomas (0), C.Resop (50)"
108,112,109,109,Aug 6,,COL,"L,3-6",9.0,15,6,6,0,2,9,1,0,5.07,43,175,117,2.0,0.0,1,0,40,1,1,0,0,1,0,1,5,Bill Miller,"Z.Duke (4-45), C.Park (7-L), E.Meek (2), J.Hanrahan (2), D.McCutchen (1)"
109,113,110,110,Aug 7,,COL,"W,8-7",10.0,9,7,6,1,4,9,2,0,5.07,43,168,104,2.0,1.0,1,0,38,1,1,1,0,1,0,0,6,Todd Tichenor,"R.Ohlendorf (4-63), W.Ledezma (1-H), C.Resop (1-H), E.Meek (0-H), J.Hanrahan (0-BSv), S.Gallagher (1-W)"
110,114,111,111,Aug 8,,COL,"L,4-8",9.0,14,8,6,2,3,5,1,0,5.08,46,177,112,1.0,1.0,2,0,42,7,0,0,1,0,2,0,4,Eric Cooper,"P.Maholm (4-15-L), D.McCutchen (1), C.Resop (0), C.Park (1)"
111,115,112,112,Aug 10,@,SDP,"L,1-4",8.0,6,4,4,0,1,6,2,0,5.07,30,125,81,0.0,0.0,0,0,28,1,0,0,1,0,0,0,3,Joe West,"J.Karstens (5-60-L), W.Ledezma (2), C.Resop (1)"
112,116,113,113,Aug 11,@,SDP,"L,5-8",8.0,13,8,8,0,5,11,1,0,5.11,42,189,117,2.0,1.0,2,0,35,5,0,0,2,0,0,1,5,Dan Bellino,"J.McDonald (5-39-L), S.Gallagher (3), C.Park (2), D.McCutchen (2), E.Meek (3)"
113,117,114,114,Aug 12,@,SDP,"L,0-3",8.0,6,3,2,1,4,6,1,0,5.08,33,123,76,0.0,0.0,1,0,28,1,0,0,1,0,1,2,3,Vic Carapazza,"Z.Duke (5-49-L), C.Resop (1), J.Hanrahan (4)"
114,118,115,115,Aug 13,@,HOU,"L,1-4",8.0,9,4,4,0,3,8,1,0,5.08,36,141,95,3.0,0.0,1,0,33,0,0,0,0,0,0,0,4,Hunter Wendelstedt,"R.Ohlendorf (5-71), C.Resop (0-H), E.Meek (1-BL), W.Ledezma (2)"
115,119,116,116,Aug 14,@,HOU,"L,2-3",8.0,9,3,3,0,2,6,1,0,5.07,35,121,77,1.0,0.0,0,0,32,4,0,0,1,0,0,0,2,David Rackley,"P.Maholm (5-47-L), C.Resop (0)"
116,120,117,117,Aug 15,@,HOU,"L,2-8",8.0,11,8,8,0,1,6,1,1,5.1,38,130,92,2.0,2.0,1,0,34,4,0,0,0,2,1,0,5,Alan Porter,"J.Karstens (4-40-L), S.Gallagher (3), D.McCutchen (3), W.Ledezma (1), C.Park (3)"
117,121,118,118,Aug 16,,FLA,"W,7-1",9.0,5,1,1,0,4,8,0,0,5.06,34,157,101,0.0,0.0,0,0,30,1,0,0,0,0,0,2,3,Lance Barksdale,"J.McDonald (4-71-W), C.Resop (1), J.Hanrahan (3)"
118,122,119,119,Aug 17,,FLA,"L,0-6",9.0,10,6,6,0,3,9,0,1,5.07,40,154,91,1.0,0.0,0,0,35,3,0,0,0,1,0,0,5,Ed Rapuano,"Z.Duke (4-33-L), S.Gallagher (1), W.Ledezma (1), D.McCutchen (1), C.Park (1)"
119,123,120,120,Aug 18,,FLA,"L,2-3",9.0,5,3,3,0,2,7,1,0,5.05,34,127,81,0.0,0.0,1,0,29,2,0,0,2,1,0,0,2,Tom Hallion,"R.Ohlendorf (4-65-L), E.Meek (4)"
120,124,121,121,Aug 19,,FLA,"L,2-4",9.0,8,4,4,0,3,5,1,1,5.04,38,139,88,3.0,0.0,0,0,33,1,0,0,1,0,0,1,5,Ron Kulpa,"P.Maholm (4-37-L), S.Gallagher (1), W.Ledezma (1), D.McCutchen (1), J.Hanrahan (2)"
121,125,122,122,Aug 20,,NYM,"L,2-7",9.0,15,7,7,0,1,1,1,0,5.06,41,158,103,3.0,2.0,2,1,40,2,0,0,0,0,0,1,5,Andy Fletcher,"J.Karstens (4-11-L), S.Gallagher (0), W.Ledezma (0), C.Resop (3), C.Park (2)"
122,126,123,123,Aug 21,,NYM,"L,1-5",5.0,7,5,5,0,5,4,1,0,5.08,28,105,56,0.0,0.0,0,0,22,3,0,0,0,1,1,0,2,Adrian Johnson,"J.McDonald (4-34-L), D.McCutchen (1)"
123,127,124,124,Aug 22,,NYM,"W,2-1",9.0,6,1,1,0,3,6,0,0,5.04,36,134,85,0.0,0.0,1,0,32,1,0,0,0,1,0,0,3,Tim McClelland,"Z.Duke (4-66-W), E.Meek (3-H), J.Hanrahan (2-Sv)"
124,128,125,125,Aug 23,,STL,"L,2-10",9.0,14,10,10,0,7,3,1,0,5.08,49,184,107,4.0,4.0,0,0,42,4,0,1,0,0,0,0,5,Jerry Crawford,"R.Ohlendorf (4-39-L), S.Gallagher (2), C.Park (2), W.Ledezma (2), J.Thomas (17)"
125,129,126,126,Aug 24,,STL,"W,4-3",9.0,11,3,3,0,2,5,1,1,5.07,41,159,100,1.0,0.0,0,0,37,2,0,0,1,0,0,0,3,Phil Cuzzi,"P.Maholm (4-55), J.Hanrahan (1-W), E.Meek (1-Sv)"
126,130,127,127,Aug 25,,STL,"W,5-2",9.0,8,2,2,0,2,7,1,0,5.04,37,134,94,0.0,0.0,0,0,35,1,0,0,0,0,0,0,5,Brian O'Nora,"D.McCutchen (3-69-W), C.Resop (4), W.Ledezma (1-H), E.Meek (0-H), J.Hanrahan (0)"
127,131,128,128,Aug 27,@,MIL,"L,2-7",8.0,10,7,7,0,3,10,0,0,5.06,36,133,86,3.0,2.0,0,0,32,2,1,0,1,0,0,1,4,Bill Miller,"J.McDonald (5-40-L), C.Resop (1), W.Ledezma (1), C.Park (3)"
128,132,129,129,Aug 28,@,MIL,"L,7-8",10.1,15,8,7,1,2,9,3,1,5.07,51,195,125,2.0,1.0,2,0,48,1,0,0,0,0,2,0,7,Chad Fairchild,"Z.Duke (5-34), S.Gallagher (4-H), B.Burres (90), C.Park (0-BSv), J.Hanrahan (2), C.Resop (0), W.Ledezma (0-L)"
129,133,130,130,Aug 29,@,MIL,"L,4-8",8.0,11,8,7,1,4,4,1,2,5.09,40,147,92,1.0,0.0,1,0,34,1,0,0,0,0,0,0,5,Marvin Hudson,"C.Morton (93-13-L), D.McCutchen (3), B.Burres (0), E.Meek (3), C.Park (0)"
130,134,131,131,Aug 30,@,CHC,"L,2-14",8.0,18,14,14,0,2,9,1,1,5.17,45,165,98,2.0,2.0,1,0,41,9,0,0,1,0,0,0,4,Bill Hohn,"P.Maholm (5-12-L), S.Gallagher (1), B.Burres (0), W.Ledezma (1)"
131,135,132,132,Aug 31,@,CHC,"W,14-7",9.0,10,7,7,0,0,8,1,0,5.18,37,137,99,1.0,1.0,0,0,37,2,0,0,0,0,0,0,4,Gary Darling,"J.Karstens (10-62-W), S.Gallagher (0), C.Park (1), C.Resop (2)"
132,137,133,133,Sep 1,@,CHC,"L,3-5",8.0,11,5,5,0,2,9,0,1,5.18,38,138,89,3.0,2.0,2,0,35,4,0,1,0,0,0,0,5,Bruce Dreckman,"J.McDonald (4-43-L), D.McCutchen (2), W.Ledezma (1), C.Park (0), J.Hanrahan (3)"
133,138,134,134,Sep 3,,WSN,"W,8-5",9.0,8,5,5,0,5,11,1,0,5.18,39,165,100,4.0,2.0,0,0,34,3,0,0,0,0,1,2,7,Lance Barksdale,"Z.Duke (5-43-W), S.Gallagher (2), W.Ledezma (1-H), C.Park (1-H), B.Burres (3), C.Resop (2-H), J.Hanrahan (1-Sv)"
134,139,135,135,Sep 4,,WSN,"L,2-9",9.0,15,9,9,0,3,6,1,0,5.21,44,154,95,0.0,0.0,0,0,39,2,0,0,1,1,0,1,5,Ed Rapuano,"P.Maholm (4-19-L), S.Gallagher (0), D.McCutchen (2), C.Park (0), W.Ledezma (0)"
135,140,136,136,Sep 5,,WSN,"L,1-8",9.0,11,8,2,6,5,4,1,0,5.19,43,165,114,2.0,0.0,0,2,37,1,0,0,1,0,2,0,5,Tom Hallion,"C.Morton (6-28-L), D.McCutchen (0), J.Martinez (37), W.Ledezma (0), C.Resop (1)"
136,141,137,137,Sep 6,,ATL,"W,3-1",9.0,8,1,1,0,3,4,0,1,5.16,39,174,104,0.0,0.0,1,0,34,0,0,0,0,1,0,0,4,Marvin Hudson,"B.Burres (2-61-W), C.Resop (0-H), E.Meek (7-H), J.Hanrahan (2-Sv)"
137,142,138,138,Sep 7,,ATL,"W,5-0",9.0,5,0,0,0,4,6,0,0,5.12,33,139,85,0.0,0.0,0,1,29,2,0,2,0,0,0,1,3,Derryl Cousins,"J.McDonald (5-67-W), E.Meek (0), J.Hanrahan (0)"
138,143,139,139,Sep 8,,ATL,"L,3-9",9.0,14,9,9,0,6,4,0,1,5.15,49,174,101,5.0,1.0,0,0,40,1,0,0,1,1,1,0,8,Mike Estabrook,"Z.Duke (4-23-L), D.McCutchen (2), S.Gallagher (3), B.Bass (99), J.Thomas (15), S.Jackson (34), W.Ledezma (2), C.Park (3)"
139,144,140,140,Sep 10,@,CIN,"L,3-4",11.0,9,4,3,1,4,15,0,3,5.12,50,187,112,2.0,1.0,0,0,42,1,0,1,1,0,1,1,6,Tim Timmons,"P.Maholm (5-58), C.Resop (3), E.Meek (2), C.Park (1), W.Ledezma (1-L), J.Hanrahan (2)"
140,145,141,141,Sep 11,@,CIN,"L,4-5",9.0,10,5,5,0,3,4,1,1,5.12,39,121,81,2.0,1.0,0,0,32,4,0,0,0,3,1,2,5,Tim Tschida,"C.Morton (5-50), C.Resop (0), E.Meek (0-H), J.Hanrahan (0-BSv), J.Thomas (2-L)"
141,146,142,142,Sep 12,@,CIN,"W,3-1",9.0,5,1,1,0,3,8,0,1,5.09,35,149,95,0.0,0.0,0,0,31,2,0,0,0,0,0,0,3,Bob Davidson,"B.Burres (5-70), C.Park (1-W), J.Hanrahan (0-Sv)"
142,147,143,143,Sep 13,@,NYM,"L,0-1",9.1,7,1,1,0,2,5,0,0,5.06,35,122,74,0.0,0.0,0,2,32,3,0,0,1,0,0,0,3,Mike Everitt,"J.McDonald (5-74), C.Resop (1), C.Park (0-L)"
143,148,144,144,Sep 14,@,NYM,"L,1-9",8.0,14,9,8,1,2,5,2,0,5.08,38,114,75,1.0,1.0,0,0,35,3,0,0,1,0,1,1,6,Adrian Johnson,"Z.Duke (5-15-L), J.Martinez (8), D.McCutchen (5), S.Jackson (5), C.Leroux (5), S.Gallagher (5)"
144,149,145,145,Sep 15,@,NYM,"L,7-8",8.0,8,8,3,5,4,3,1,0,5.07,37,127,80,2.0,0.0,0,0,33,1,0,0,0,0,1,1,4,Andy Fletcher,"P.Maholm (4-28-L), C.Park (1), D.McCutchen (0), C.Leroux (0)"
145,150,146,146,Sep 16,@,NYM,"L,2-6",8.0,10,6,6,0,8,1,0,0,5.08,41,161,88,3.0,3.0,1,0,31,3,0,1,1,1,0,1,6,Todd Tichenor,"C.Morton (4-46), W.Ledezma (5-L), S.Gallagher (1), C.Resop (2), S.Jackson (1), J.Thomas (4)"
146,151,147,147,Sep 17,,ARI,"W,4-3",9.0,8,3,2,1,2,6,0,0,5.06,35,138,86,2.0,0.0,1,1,32,4,0,0,1,0,1,2,3,Jerry Meals,"B.Burres (4-56), J.Hanrahan (4), E.Meek (5-W)"
147,152,148,148,Sep 18,,ARI,"W,9-6",9.0,10,6,6,0,5,12,2,0,5.07,42,182,107,0.0,0.0,0,0,37,3,0,1,0,0,1,1,5,Dale Scott,"J.McDonald (4-53-W), D.McCutchen (2), W.Ledezma (1), C.Park (2), E.Meek (0)"
148,153,149,149,Sep 19,,ARI,"W,4-3",9.0,6,3,3,0,1,6,1,0,5.06,34,117,75,0.0,0.0,0,1,33,3,0,0,0,0,1,0,3,D.J. Reyburn,"Z.Duke (4-56), J.Hanrahan (1-W), E.Meek (0-Sv)"
149,154,150,150,Sep 21,,STL,"W,5-2",9.0,8,2,2,0,0,6,0,0,5.03,36,130,85,0.0,0.0,0,0,36,1,0,0,0,0,1,0,3,Wally Bell,"P.Maholm (5-59-W), J.Hanrahan (1-H), E.Meek (1-Sv)"
150,155,151,151,Sep 22,,STL,"W,11-6",9.0,9,6,5,1,3,9,0,1,5.03,40,157,98,0.0,0.0,1,0,35,4,0,0,0,1,0,0,4,John Hirschbeck,"C.Morton (5-60-W), C.Leroux (6), B.Lincoln (58), D.McCutchen (3)"
151,156,152,152,Sep 23,,STL,"L,2-9",9.0,15,9,9,0,5,3,2,1,5.06,47,183,114,1.0,0.0,1,0,40,3,0,1,1,0,0,1,7,James Hoye,"B.Burres (5-28-L), S.Jackson (6), C.Park (4), S.Gallagher (6), W.Ledezma (4), J.Martinez (8), J.Thomas (6)"
152,157,153,153,Sep 24,,HOU,"L,7-10",9.0,15,10,10,0,4,10,0,0,5.09,46,186,120,2.0,1.0,0,0,39,2,0,0,2,1,0,0,6,Ed Hickox,"J.McDonald (5-42), D.McCutchen (1), C.Leroux (1-BL), S.Gallagher (0), C.Park (0), J.Hanrahan (2)"
153,158,154,154,Sep 25,,HOU,"W,6-4",9.0,8,4,4,0,3,6,0,0,5.09,37,129,86,1.0,0.0,0,1,34,4,0,0,0,0,1,1,4,Alan Porter,"Z.Duke (5-48-W), S.Gallagher (0-H), E.Meek (3-H), J.Hanrahan (0-Sv)"
154,159,155,155,Sep 26,,HOU,"W,9-3",9.0,8,3,3,0,3,10,1,0,5.07,37,140,88,0.0,0.0,0,0,34,3,0,0,0,0,1,2,3,Fieldin Culbreth,"P.Maholm (4-67-W), E.Meek (0), C.Park (1)"
155,160,156,156,Sep 27,@,STL,"L,4-6",8.0,12,6,5,1,3,6,1,0,5.08,37,129,77,0.0,0.0,0,0,32,0,0,1,2,0,1,1,3,Brian O'Nora,"C.Morton (4-40), S.Gallagher (1-L), C.Park (0)"
156,161,157,157,Sep 28,@,STL,"W,7-2",9.0,5,2,1,1,3,5,1,1,5.05,36,120,73,1.0,0.0,0,0,32,0,0,0,0,0,1,2,5,Jerry Crawford,"B.Burres (4-52-W), C.Resop (11-H), S.Gallagher (0-H), E.Meek (1), C.Leroux (3)"
157,162,158,158,Sep 29,@,STL,"L,1-4",8.0,9,4,2,2,0,9,1,1,5.03,36,126,87,0.0,0.0,0,0,34,1,0,0,0,1,1,0,3,Chris Guccione,"J.McDonald (4-65-L), J.Martinez (5), C.Park (1)"
158,163,159,159,Sep 30,@,FLA,"L,9-11",8.0,13,11,6,5,3,7,1,0,5.04,43,148,95,0.0,0.0,1,0,39,4,1,1,0,1,3,0,4,Rob Drake,"Z.Duke (4-18-L), J.Martinez (0), B.Lincoln (7), J.Karstens (29)"
159,164,160,160,Oct 1,@,FLA,"W,5-1",9.0,6,1,1,0,2,10,0,0,5.02,36,134,89,0.0,0.0,0,0,32,1,1,0,2,0,1,0,4,Joe West,"D.McCutchen (6-49), C.Park (1-W), E.Meek (2), J.Hanrahan (5)"
160,165,161,161,Oct 2,@,FLA,"L,0-2",8.0,5,2,2,0,2,13,0,0,5.0,32,119,76,0.0,0.0,1,0,29,1,0,0,0,1,1,0,3,Angel Hernandez,"C.Morton (4-64-L), C.Resop (3), J.Hanrahan (0)"
161,166,162,162,Oct 3,@,FLA,"L,2-5",8.0,8,5,4,1,5,5,1,1,5.0,37,133,78,4.0,0.0,0,0,30,2,1,0,1,0,0,1,5,Vic Carapazza,"B.Burres (4-49-L), C.Leroux (4), S.Gallagher (4), W.Ledezma (9), S.Jackson (9)"
