,Rk,Gtm,Date,Unnamed: 3,Opp,Rslt,IP,H,R,ER,UER,BB,SO,HR,HBP,ERA,BF,Pit,Str,IR,IS,SB,CS,AB,2B,3B,IBB,SH,SF,ROE,GDP,#,Umpire,Pitchers Used (Rest-GameScore-Dec)
0,1,1,Mar 28,@,TBR,"W,5-1",9.0,4,1,1,0,1,12,1,2,1.0,34,124,90,0.0,0.0,0,0,31,1,0,0,0,0,1,0,3,Sam Holbrook,"J.Verlander (99-75-W), R.Pressly (99), R.Osuna (99)"
1,2,2,Mar 29,@,TBR,"L,2-4",8.0,6,4,1,3,1,13,1,0,1.06,32,133,93,0.0,0.0,1,0,31,0,0,0,0,0,2,0,3,Dan Iassogna,"G.Cole (99-62-L), H.Rondon (99), J.James (99)"
2,3,3,Mar 30,@,TBR,"L,1-3",8.0,7,3,3,0,1,13,0,0,1.8,32,123,82,0.0,0.0,3,0,30,3,0,0,1,0,0,0,3,Jim Wolf,"C.McHugh (99-61-L), W.Harris (99), C.Devenski (99)"
3,4,4,Mar 31,@,TBR,"L,1-3",8.0,8,3,3,0,0,8,1,0,2.18,32,110,78,0.0,0.0,0,0,32,2,0,0,0,0,0,0,2,Manny Gonzalez,"W.Miley (99-48-L), J.James (1)"
4,5,5,Apr 1,@,TEX,"W,2-1",9.0,2,1,1,0,0,7,1,0,1.93,28,113,73,0.0,0.0,0,1,28,0,0,0,0,0,0,0,3,Gabe Morales,"B.Peacock (99-71-W), R.Pressly (3-H), R.Osuna (3-Sv)"
5,6,6,Apr 2,@,TEX,"L,4-6",8.0,9,6,6,0,4,9,1,1,2.7,37,152,89,2.0,0.0,0,0,32,2,1,0,0,0,0,0,4,Jerry Meals,"J.Verlander (4-35), W.Harris (2), F.Valdez (99-L), H.Rondon (3)"
6,7,7,Apr 3,@,TEX,"L,0-4",8.0,5,4,4,0,4,13,1,0,2.95,33,142,95,0.0,0.0,2,0,29,1,0,0,0,0,0,0,2,Ron Kulpa,"G.Cole (4-58-L), J.James (2)"
7,8,8,Apr 5,,OAK,"W,3-2",9.0,7,2,2,0,3,7,0,0,2.82,36,137,88,0.0,0.0,1,1,33,1,0,0,0,0,0,0,4,Quinn Wolcott,"C.McHugh (5-63-W), H.Rondon (2-H), R.Pressly (3-H), R.Osuna (3-Sv)"
8,9,9,Apr 6,,OAK,"W,6-0",9.0,6,0,0,0,4,7,0,0,2.49,36,150,86,2.0,0.0,0,0,32,1,0,0,0,0,0,1,5,Gary Cederstrom,"W.Miley (5-63-W), W.Harris (3), J.James (2), C.Devenski (6), F.Valdez (3)"
9,10,10,Apr 7,,OAK,"W,9-8",9.0,11,8,8,0,2,5,3,1,3.07,40,148,94,0.0,0.0,1,0,37,3,0,0,0,0,1,0,4,Marvin Hudson,"B.Peacock (5-35), J.James (0-BSv), H.Rondon (1), R.Osuna (1-W)"
10,11,11,Apr 8,,NYY,"W,4-3",9.0,8,3,3,0,3,8,1,0,3.06,38,150,95,0.0,0.0,1,0,35,1,0,0,0,0,0,0,4,David Rackley,"J.Verlander (5-50), W.Harris (1), R.Pressly (2-W), R.Osuna (0-Sv)"
11,12,12,Apr 9,,NYY,"W,6-3",9.0,5,3,3,0,3,9,1,0,3.06,34,131,84,0.0,0.0,0,0,31,1,0,0,0,0,0,1,3,Larry Vanover,"G.Cole (5-60), H.Rondon (1-W), R.Osuna (0-Sv)"
12,13,13,Apr 10,,NYY,"W,8-6",9.0,10,6,6,0,3,13,2,0,3.29,40,168,112,3.0,2.0,0,0,35,2,0,0,0,2,0,0,5,Alfonso Marquez,"C.McHugh (4-64-W), C.Devenski (3), J.James (2), H.Rondon (0-H), R.Pressly (1-Sv)"
13,14,14,Apr 12,@,SEA,"W,10-6",9.0,9,6,5,1,3,11,1,0,3.42,40,157,99,2.0,0.0,2,0,37,1,0,0,0,0,0,0,4,Adam Hamari,"W.Miley (5-39), B.Peacock (4-W), C.Devenski (1), R.Osuna (2-Sv)"
14,15,15,Apr 13,@,SEA,"W,3-1",9.0,4,1,1,0,0,13,1,0,3.25,31,155,108,0.0,0.0,0,0,31,1,0,0,0,0,0,0,4,Jordan Baker,"J.Verlander (4-75-W), W.Harris (4-H), R.Pressly (2-H), R.Osuna (0-Sv)"
15,16,16,Apr 14,@,SEA,"W,3-2",9.0,4,2,2,0,0,15,1,0,3.17,30,144,91,0.0,0.0,0,1,30,2,0,0,0,0,0,0,4,Todd Tichenor,"G.Cole (4-67-W), H.Rondon (3-H), R.Pressly (0-H), R.Osuna (0-Sv)"
16,17,17,Apr 16,@,OAK,"W,9-1",9.0,4,1,1,0,4,9,0,1,3.04,34,141,82,2.0,0.0,0,0,28,0,0,0,0,1,0,2,4,Chris Guccione,"C.McHugh (5-71-W), J.James (5), R.Guduan (99), C.Devenski (3)"
17,18,18,Apr 17,@,OAK,"L,1-2",8.0,4,2,2,0,2,1,1,1,3.0,30,120,71,0.0,0.0,0,0,27,2,0,0,0,0,0,1,3,Lance Barrett,"W.Miley (4-56-L), W.Harris (3), B.Peacock (4)"
18,19,19,Apr 19,@,TEX,"W,7-2",9.0,4,2,2,0,4,9,2,0,2.95,34,134,85,1.0,0.0,0,0,30,1,0,0,0,0,0,1,4,Stu Scheurwater,"J.Verlander (5-72-W), C.Devenski (2), R.Guduan (2), J.James (2)"
19,20,20,Apr 20,@,TEX,"L,4-9",8.0,10,9,8,1,4,12,1,0,3.23,38,165,107,2.0,2.0,2,1,34,3,1,0,0,0,1,0,4,Mark Wegner,"G.Cole (5-16-L), C.Devenski (0), H.Rondon (5), R.Guduan (0)"
20,21,21,Apr 21,@,TEX,"L,10-11",8.0,10,11,10,1,4,6,2,1,3.58,39,134,87,3.0,1.0,0,0,31,3,1,0,0,2,0,1,4,Hunter Wendelstedt,"C.McHugh (4-6-L), F.Valdez (14), W.Harris (3), R.Pressly (6)"
21,22,22,Apr 22,,MIN,"L,5-9",9.0,12,9,8,1,5,5,2,0,3.79,42,154,95,0.0,0.0,0,1,37,3,0,0,0,0,0,1,4,Dana DeMuth,"B.Peacock (4-42-L), J.James (2), C.Devenski (1), R.Osuna (7)"
22,23,23,Apr 23,,MIN,"W,10-4",9.0,6,4,4,0,1,9,1,0,3.8,34,130,85,0.0,0.0,1,0,33,2,0,0,0,0,0,0,4,Angel Hernandez,"W.Miley (5-60), H.Rondon (2-BW), R.Pressly (1-H), W.Harris (1)"
23,24,24,Apr 24,,MIN,"W,7-1",9.0,4,1,1,0,1,10,1,0,3.68,32,113,78,0.0,0.0,0,0,31,1,0,0,0,0,0,0,2,Ed Hickox,"J.Verlander (4-78-W), F.Valdez (2)"
24,25,25,Apr 25,,CLE,"L,1-2",9.0,4,2,2,0,3,10,2,0,3.61,33,133,83,0.0,0.0,1,0,30,0,0,0,0,0,0,1,3,Mark Ripperger,"G.Cole (4-70-L), W.Harris (1), R.Osuna (2)"
25,26,26,Apr 26,,CLE,"L,3-6",9.0,9,6,6,0,4,13,4,1,3.7,41,163,102,1.0,0.0,1,0,36,1,0,0,0,0,0,0,5,Jeff Kellogg,"C.McHugh (4-56), W.Harris (0), H.Rondon (2-L), C.Devenski (3), J.James (3)"
26,27,27,Apr 27,,CLE,"W,4-3",10.0,8,3,3,0,1,10,0,0,3.66,38,150,99,2.0,2.0,1,0,35,1,0,0,1,1,0,1,4,Brian O'Nora,"B.Peacock (4-66), W.Harris (0-H), R.Pressly (3-BSv), R.Osuna (1-W)"
27,28,28,Apr 28,,CLE,"W,4-1",9.0,8,1,1,0,2,8,1,0,3.56,37,144,95,1.0,0.0,1,0,35,1,0,0,0,0,0,0,4,James Hoye,"W.Miley (4-54), C.Devenski (1), F.Valdez (3-W), R.Pressly (0-Sv)"
28,29,29,Apr 29,@,MIN,"L,0-1",8.0,3,1,1,0,2,7,1,0,3.49,29,116,78,0.0,0.0,0,0,26,2,0,0,0,0,0,1,3,Adrian Johnson,"J.Verlander (4-69-L), H.Rondon (2), F.Valdez (0)"
29,30,30,Apr 30,@,MIN,"W,11-0",9.0,3,0,0,0,5,12,0,0,3.37,34,135,86,0.0,0.0,0,0,29,1,0,0,0,0,0,1,3,Bill Miller,"G.Cole (4-83-W), J.James (3), C.Devenski (1)"
30,31,31,May 1,@,MIN,"L,2-6",8.0,7,6,6,0,1,4,1,1,3.47,33,129,82,0.0,0.0,1,0,30,3,0,0,0,1,0,0,2,Chris Segal,"C.McHugh (4-47-L), C.Devenski (0)"
31,32,32,May 2,@,MIN,"L,2-8",8.0,10,8,8,0,3,8,1,0,3.63,37,126,83,1.0,0.0,0,0,33,4,2,0,0,1,0,0,4,Doug Eddings,"B.Peacock (4-17-L), F.Valdez (2), W.Harris (4), R.Osuna (4)"
32,33,33,May 4,@,LAA,"W,14-2",9.0,8,2,2,0,4,5,1,0,3.57,39,148,91,0.0,0.0,0,0,35,1,0,0,0,0,1,1,4,Lance Barksdale,"W.Miley (5-52-W), H.Rondon (4), R.Pressly (5), J.James (3)"
33,34,34,May 5,@,LAA,"W,10-4",9.0,6,4,4,0,1,8,3,0,3.59,34,127,90,0.0,0.0,0,0,33,1,0,0,0,0,0,0,3,John Tumpane,"J.Verlander (5-53-W), R.Pressly (0-H), R.Osuna (2)"
34,35,35,May 6,,KCR,"W,6-4",9.0,9,4,4,0,1,10,2,0,3.6,37,151,103,3.0,0.0,1,0,36,0,0,0,0,0,0,0,4,Pat Hoberg,"G.Cole (5-52-W), W.Harris (3-H), H.Rondon (1-H), R.Osuna (0-Sv)"
35,36,36,May 7,,KCR,"L,2-12",9.0,13,12,12,0,4,5,3,1,3.84,45,152,95,1.0,1.0,1,0,40,3,2,0,0,0,0,0,4,Greg Gibson,"C.McHugh (5-13-L), C.Devenski (5), F.Valdez (4), T.White (99)"
36,37,37,May 8,,KCR,"W,9-0",9.0,3,0,0,0,2,17,0,2,3.73,35,139,89,0.0,0.0,0,0,31,1,0,0,0,0,1,0,2,Brian Knight,"B.Peacock (5-82-W), J.James (3)"
37,38,38,May 9,,TEX,"W,4-2",9.0,3,2,2,0,4,10,1,0,3.69,32,144,88,0.0,0.0,0,0,28,0,0,0,0,0,0,0,4,Dan Iassogna,"W.Miley (4-65-W), W.Harris (2-H), R.Pressly (3-H), R.Osuna (2-Sv)"
38,39,39,May 10,,TEX,"W,3-0",9.0,2,0,0,0,2,10,0,1,3.59,31,124,82,0.0,0.0,0,0,28,0,0,0,0,0,0,1,3,Sam Holbrook,"J.Verlander (4-81-W), R.Pressly (0-H), R.Osuna (0-Sv)"
39,40,40,May 11,,TEX,"W,11-4",9.0,9,4,4,0,1,18,2,0,3.6,36,146,102,1.0,0.0,1,1,35,1,0,0,0,0,0,0,4,Manny Gonzalez,"G.Cole (4-72-W), C.Devenski (3), H.Rondon (4-H), J.James (2)"
40,41,41,May 12,,TEX,"W,15-5",9.0,9,5,5,0,4,14,2,0,3.64,41,162,102,1.0,1.0,0,0,37,2,0,0,0,0,0,0,4,Jim Wolf,"C.Martin (99-62-W), C.McHugh (4), F.Valdez (4), C.Devenski (0)"
41,42,42,May 13,@,DET,"W,8-1",9.0,5,1,1,0,6,7,0,0,3.57,37,141,81,0.0,0.0,1,0,30,1,0,0,0,1,0,1,5,Paul Emmel,"B.Peacock (4-56-W), H.Rondon (1-H), W.Harris (3), R.Pressly (2), J.James (1)"
42,43,43,May 14,@,DET,"W,11-4",9.0,7,4,4,0,4,9,1,0,3.58,36,150,90,0.0,0.0,0,0,31,1,1,0,0,1,0,1,3,Mike Estabrook,"W.Miley (4-45-W), C.McHugh (1), F.Valdez (1)"
43,44,44,May 15,@,DET,"W,5-1",9.0,2,1,1,0,2,14,1,0,3.52,32,129,91,0.0,0.0,0,0,30,0,1,0,0,0,1,0,3,Bruce Dreckman,"J.Verlander (4-76-W), R.Pressly (1), R.Osuna (4)"
44,45,45,May 17,@,BOS,"W,3-1",9.0,9,1,1,0,2,12,0,0,3.46,38,158,104,0.0,0.0,2,0,36,4,0,0,0,0,0,0,5,Tony Randazzo,"G.Cole (5-61), H.Rondon (3), W.Harris (3-W), R.Pressly (1-H), R.Osuna (1-Sv)"
45,46,46,May 18,@,BOS,"W,7-3",9.0,5,3,2,1,5,3,1,0,3.43,36,144,84,2.0,0.0,1,0,31,1,0,0,0,0,0,0,4,Jeff Nelson,"C.Martin (5-38), J.James (4-W), W.Harris (0), R.Osuna (0)"
46,47,47,May 19,@,BOS,"L,3-4",8.0,11,4,3,1,0,3,1,0,3.43,34,130,83,1.0,0.0,0,0,34,2,0,0,0,0,1,1,3,Cory Blaser,"W.Miley (4-45), F.Valdez (4-L), H.Rondon (1)"
47,48,48,May 20,,CHW,"W,3-0",9.0,6,0,0,0,0,13,0,2,3.36,35,151,102,0.0,0.0,0,0,33,1,0,0,0,0,0,0,5,James Hoye,"B.Peacock (6-72-W), C.Devenski (7-H), W.Harris (1-H), R.Pressly (2-H), R.Osuna (1-Sv)"
48,49,49,May 21,,CHW,"W,5-1",9.0,1,1,1,0,2,14,1,0,3.31,30,120,86,0.0,0.0,0,0,28,0,0,0,0,0,0,0,2,Mark Ripperger,"J.Verlander (5-87-W), H.Rondon (1)"
49,50,50,May 22,,CHW,"L,4-9",9.0,10,9,9,0,2,12,4,0,3.42,38,164,110,2.0,2.0,1,0,36,1,0,0,0,0,0,0,4,Jeff Kellogg,"G.Cole (4-35-L), J.James (3), C.Devenski (1), B.Rodgers (99)"
50,51,51,May 23,,CHW,"L,0-4",9.0,11,4,3,1,3,11,1,0,3.42,41,157,106,1.0,0.0,1,0,38,2,0,0,0,0,0,0,4,Brian O'Nora,"C.Martin (4-36-L), F.Valdez (3), J.James (0), C.Devenski (0)"
51,52,52,May 24,,BOS,"W,4-3",9.0,7,3,3,0,3,14,3,0,3.41,36,156,94,0.0,0.0,0,0,33,1,0,0,0,0,0,1,4,Alfonso Marquez,"W.Miley (4-66-W), W.Harris (3-H), R.Pressly (3-H), R.Osuna (3-Sv)"
52,53,53,May 25,,BOS,"W,4-3",9.0,9,3,3,0,3,10,0,1,3.4,39,148,94,2.0,1.0,1,0,35,2,0,0,0,0,0,0,4,Scott Barry,"B.Peacock (4-71), H.Rondon (3-H), R.Pressly (0-H), R.Osuna (0-BW)"
53,54,54,May 26,,BOS,"L,1-4",9.0,6,4,2,2,2,8,1,0,3.37,37,137,93,0.0,0.0,3,0,34,1,0,0,0,1,2,0,3,Tripp Gibson,"J.Verlander (4-63-L), J.James (2), F.Valdez (2)"
54,55,55,May 27,,CHC,"W,6-5",9.0,9,5,5,0,2,17,3,0,3.4,38,157,107,2.0,0.0,0,0,36,1,0,0,0,0,0,0,5,Paul Nauert,"G.Cole (4-69-W), H.Rondon (1), W.Harris (2-H), R.Pressly (1-H), R.Osuna (1-Sv)"
55,56,56,May 28,,CHC,"W,9-6",9.0,9,6,6,0,6,11,5,0,3.45,42,175,101,2.0,0.0,0,0,36,1,0,0,0,0,0,0,5,D.J. Reyburn,"C.Martin (4-40), J.James (1-W), H.Rondon (0-H), R.Pressly (0-H), R.Osuna (0-Sv)"
56,57,57,May 29,,CHC,"L,1-2",9.0,7,2,2,0,3,12,2,0,3.42,35,135,85,0.0,0.0,0,0,32,0,0,0,0,0,0,2,3,CB Bucknor,"W.Miley (4-65-L), C.Devenski (5), W.Harris (1)"
57,58,58,May 31,@,OAK,"W,3-2",9.0,6,2,2,0,3,3,1,0,3.4,35,129,80,0.0,0.0,0,0,31,1,0,0,1,0,0,1,4,Stu Scheurwater,"B.Peacock (5-54), H.Rondon (2-W), R.Pressly (2-H), R.Osuna (2-Sv)"
58,59,59,Jun 1,@,OAK,"W,5-1",9.0,5,1,1,0,2,10,1,0,3.36,34,133,88,0.0,0.0,0,0,32,1,0,0,0,0,0,0,2,Roberto Ortiz,"J.Verlander (5-76-W), W.Harris (2)"
59,60,60,Jun 2,@,OAK,"W,6-4",12.0,10,4,4,0,2,15,4,0,3.35,47,226,142,0.0,0.0,0,1,45,1,0,0,0,0,0,0,6,Alan Porter,"G.Cole (5-58), W.Harris (0-H), R.Pressly (1-BSv), H.Rondon (1), R.Osuna (1), J.James (4-W)"
60,61,61,Jun 3,@,SEA,"W,4-2",9.0,7,2,2,0,5,7,2,0,3.33,39,167,98,0.0,0.0,3,0,34,1,0,0,0,0,0,0,4,Pat Hoberg,"C.Martin (5-43), F.Valdez (7-W), C.Devenski (4-H), R.Pressly (0-Sv)"
61,62,62,Jun 4,@,SEA,"W,11-5",9.0,5,5,5,0,6,11,1,0,3.35,37,180,103,5.0,4.0,1,0,31,1,0,0,0,0,0,1,6,Brian Knight,"W.Miley (5-52), J.James (1-H), R.Guduan (44-BW), W.Harris (1-H), C.Devenski (0), B.Rodgers (12)"
62,63,63,Jun 5,@,SEA,"L,1-14",8.0,13,14,14,0,6,8,5,1,3.53,43,182,109,1.0,1.0,0,0,36,1,0,0,0,0,0,1,4,John Libka,"B.Peacock (4-55-L), R.Guduan (0), B.Rodgers (0), T.White (28)"
63,64,64,Jun 6,@,SEA,"W,8-7",14.0,11,7,7,0,9,16,1,0,3.56,62,258,158,6.0,2.0,2,0,53,1,0,0,0,0,0,0,7,Gerry Davis,"J.Verlander (4-58), W.Harris (1-H), R.Pressly (2-H), R.Osuna (3-BSv), H.Rondon (3-BSv), J.James (1), C.Devenski (1-W)"
64,65,65,Jun 7,,BAL,"W,4-3",11.0,5,3,1,2,0,17,1,1,3.5,40,169,115,0.0,0.0,0,0,39,1,0,0,0,0,1,0,3,John Tumpane,"G.Cole (4-75), H.Rondon (0), C.Pérez (99-W)"
65,66,66,Jun 8,,BAL,"L,1-4",9.0,8,4,3,1,1,9,2,1,3.5,37,116,78,0.0,0.0,0,0,35,1,0,0,0,0,0,0,3,Ramon De Jesus,"F.Valdez (4-70), W.Harris (1-L), R.Guduan (2)"
66,67,67,Jun 9,,BAL,"W,4-0",9.0,6,0,0,0,4,8,0,0,3.44,34,148,93,5.0,0.0,0,1,30,0,0,0,0,0,0,2,5,Lance Barksdale,"W.Miley (4-63-W), R.Pressly (2-H), H.Rondon (1-H), J.James (2), R.Osuna (2-Sv)"
67,68,68,Jun 11,,MIL,"W,10-8",9.0,11,8,8,0,3,8,3,2,3.51,42,148,97,3.0,0.0,0,0,37,4,0,0,0,0,0,0,5,Doug Eddings,"B.Peacock (5-46-W), W.Harris (2), H.Rondon (1), R.Pressly (1-H), C.Devenski (4)"
68,69,69,Jun 12,,MIL,"L,3-6",14.0,10,6,6,0,1,24,4,0,3.52,53,203,141,0.0,0.0,0,0,52,2,0,0,0,0,0,0,7,Ryan Additon,"J.Verlander (5-72), R.Pressly (0), R.Osuna (2), W.Harris (0), J.James (2), H.Rondon (0), C.Pérez (4-L)"
69,70,70,Jun 14,,TOR,"W,15-2",9.0,5,2,2,0,2,13,0,1,3.5,35,145,91,0.0,0.0,0,0,32,1,0,0,0,0,0,0,2,Joe West,"G.Cole (6-66-W), R.Armenteros (99-Sv)"
70,71,71,Jun 15,,TOR,"W,7-2",9.0,6,2,2,0,2,10,0,0,3.48,34,116,73,0.0,0.0,1,0,31,0,0,0,0,1,0,2,3,Eric Cooper,"F.Valdez (6-62-W), C.Devenski (3), J.James (2)"
71,72,72,Jun 16,,TOR,"L,0-12",9.0,14,12,12,0,4,6,5,0,3.59,45,174,106,0.0,0.0,0,0,40,3,1,0,0,1,0,0,3,Tom Woodring,"B.Peacock (4-43-L), C.Pérez (3), T.White (10)"
72,73,73,Jun 17,@,CIN,"L,2-3",8.0,6,3,3,0,4,9,0,1,3.59,34,139,85,3.0,0.0,0,0,28,0,0,0,1,0,0,1,4,Roberto Ortiz,"W.Miley (7-45-L), H.Rondon (4), W.Harris (4), R.Pressly (4)"
73,74,74,Jun 18,@,CIN,"L,3-4",8.0,6,4,4,0,1,8,3,1,3.6,31,126,91,0.0,0.0,0,1,29,3,0,0,0,0,0,0,2,Adrian Johnson,"J.Verlander (5-56-L), C.Devenski (2)"
74,75,75,Jun 19,@,CIN,"L,2-3",8.2,11,3,2,1,3,10,1,0,3.58,38,124,88,0.0,0.0,0,0,35,2,0,0,0,0,0,2,4,Quinn Wolcott,"G.Cole (4-61), W.Harris (1-H), R.Pressly (1-H), R.Osuna (6-BL)"
75,76,76,Jun 20,@,NYY,"L,6-10",8.0,12,10,10,0,5,10,4,0,3.67,41,188,115,1.0,1.0,1,0,36,2,0,0,0,0,0,0,5,Sam Holbrook,"F.Valdez (4-32-L), C.Devenski (1), J.James (4), H.Rondon (2), R.Armenteros (5)"
76,77,77,Jun 21,@,NYY,"L,1-4",8.0,8,4,4,0,0,12,2,0,3.68,31,125,86,0.0,0.0,0,0,31,2,0,0,0,0,0,1,3,Dan Iassogna,"B.Peacock (4-65-L), H.Rondon (0), C.Devenski (0)"
77,78,78,Jun 22,@,NYY,"L,5-7",8.0,7,7,6,1,4,12,2,0,3.72,35,146,88,3.0,2.0,0,0,30,0,0,0,0,0,1,1,4,Manny Gonzalez,"W.Miley (4-50), W.Harris (2), R.Pressly (2-BL), R.Guduan (13)"
78,79,79,Jun 23,@,NYY,"W,9-4",9.0,6,4,4,0,2,11,1,0,3.72,34,152,94,0.0,0.0,0,0,32,0,1,0,0,0,0,1,3,Sean Barber,"J.Verlander (4-64-W), C.Devenski (1), R.Osuna (3)"
79,80,80,Jun 25,,PIT,"W,5-1",9.0,8,1,1,0,2,6,0,0,3.69,36,134,92,0.0,0.0,0,1,33,2,0,0,1,0,0,0,4,Mark Ripperger,"G.Cole (5-55-W), J.James (4-H), W.Harris (2-H), C.McHugh (41)"
80,81,81,Jun 26,,PIT,"L,2-14",9.0,15,14,14,0,7,6,4,0,3.81,49,194,111,2.0,0.0,1,0,41,5,0,0,0,1,1,0,6,Brennan Miller,"F.Valdez (5-20-L), C.Devenski (2), H.Rondon (4), C.McHugh (0), T.White (9), M.Stassi (99)"
81,82,82,Jun 27,,PIT,"L,0-10",9.0,14,10,10,0,2,6,5,0,3.89,41,151,99,0.0,0.0,1,0,39,4,0,0,0,0,0,1,2,Jeff Kellogg,"B.Peacock (5-22-L), C.Sneed (99)"
82,83,83,Jun 28,,SEA,"W,2-1",10.0,5,1,1,0,3,7,1,1,3.85,39,164,103,0.0,0.0,0,0,34,0,0,0,1,0,0,0,5,Jerry Meals,"W.Miley (5-62), J.James (2), R.Pressly (5), R.Osuna (4), W.Harris (2-W)"
83,84,84,Jun 29,,SEA,"W,6-5",10.0,7,5,5,0,6,9,3,0,3.86,42,185,113,2.0,0.0,1,1,36,1,0,0,0,0,0,0,7,Tom Woodring,"J.Verlander (5-42), H.Rondon (2-H), W.Harris (0-H), R.Pressly (0-BSv), C.McHugh (2), R.Osuna (0), C.Devenski (2-W)"
84,85,85,Jun 30,,SEA,"W,6-1",9.0,6,1,1,0,2,14,1,0,3.83,33,146,97,2.0,0.0,0,1,31,0,0,0,0,0,0,1,4,Gabe Morales,"G.Cole (4-72-W), C.McHugh (0-H), R.Pressly (0-H), J.James (1)"
85,86,86,Jul 2,@,COL,"W,9-8",9.0,13,8,6,2,4,10,0,0,3.85,44,174,111,2.0,0.0,1,0,39,3,0,0,1,0,1,1,6,Adam Hamari,"J.Urquidy (99-44), J.James (1), W.Harris (2-W), C.Devenski (2-H), R.Pressly (1-H), R.Osuna (2-Sv)"
86,87,87,Jul 3,@,COL,"W,4-2",9.0,7,2,2,0,2,8,0,0,3.83,36,156,94,1.0,0.0,0,0,34,2,0,0,0,0,0,0,5,Todd Tichenor,"W.Miley (4-62-W), C.Devenski (0-H), C.McHugh (2-H), H.Rondon (3-H), R.Osuna (0-Sv)"
87,88,88,Jul 5,,LAA,"L,4-5",9.0,9,5,5,0,1,8,4,0,3.84,35,133,94,0.0,0.0,0,1,34,2,0,0,0,0,0,1,3,John Libka,"J.Verlander (5-52-L), H.Rondon (1), J.James (2)"
88,89,89,Jul 6,,LAA,"W,4-0",9.0,4,0,0,0,4,14,0,0,3.8,34,149,93,0.0,0.0,0,0,30,1,0,0,0,0,0,1,3,Chad Fairchild,"G.Cole (5-78-W), R.Pressly (3), C.McHugh (2)"
89,90,90,Jul 7,,LAA,"W,11-10",10.0,16,10,10,0,4,12,3,0,3.86,50,197,131,2.0,0.0,1,0,45,4,1,0,0,1,0,0,7,Mike Estabrook,"J.Urquidy (4-25), C.Devenski (3), J.James (1), C.McHugh (0), W.Harris (4), R.Osuna (3), R.Pressly (0-W)"
90,91,91,Jul 11,@,TEX,"L,0-5",8.0,11,5,5,0,4,8,0,0,3.88,38,134,88,3.0,0.0,0,0,34,4,0,0,0,0,0,0,4,Mike Winters,"F.Valdez (14-25-L), C.Devenski (3), C.Sneed (13), J.James (3)"
91,92,92,Jul 12,@,TEX,"L,8-9",8.2,10,9,8,1,5,17,5,0,3.93,42,170,117,2.0,1.0,3,0,37,0,0,0,0,0,1,0,5,Rob Drake,"G.Cole (5-57), W.Harris (4), R.Pressly (4-H), H.Rondon (6-BSv), R.Osuna (4-L)"
92,93,93,Jul 13,@,TEX,"W,7-6",11.0,6,6,4,2,3,12,3,1,3.92,45,197,118,1.0,0.0,1,0,40,2,0,0,0,1,1,0,5,Mike Muchlinski,"W.Miley (9-54), W.Harris (0), R.Pressly (0), J.James (1-W), R.Osuna (0-Sv)"
93,94,94,Jul 14,@,TEX,"W,12-4",9.0,5,4,4,0,5,10,0,0,3.92,36,163,102,3.0,1.0,1,0,31,0,0,0,0,0,0,0,5,Tim Timmons,"J.Verlander (8-62-W), C.Devenski (2), J.Smith (99), H.Rondon (1), C.McHugh (6)"
94,95,95,Jul 15,@,LAA,"L,6-9",8.0,10,9,5,4,4,7,1,0,3.94,39,145,85,0.0,0.0,0,0,34,5,0,0,0,1,1,0,4,Jim Reynolds,"J.James (1-54), F.Valdez (3-L), J.Smith (0), C.McHugh (0)"
95,96,96,Jul 16,@,LAA,"L,2-7",8.0,9,7,6,1,4,6,0,1,3.96,37,155,89,1.0,0.0,2,0,32,4,1,0,0,0,0,2,5,Stu Scheurwater,"H.Rondon (1-18-L), C.Devenski (1), R.Armenteros (25), W.Harris (2), J.James (0)"
96,97,97,Jul 17,@,LAA,"W,11-2",9.0,9,2,2,0,2,14,1,0,3.94,37,139,93,0.0,0.0,0,0,35,1,0,0,0,0,0,0,3,Mark Wegner,"G.Cole (4-69-W), J.Smith (1), R.Pressly (3)"
97,98,98,Jul 18,@,LAA,"W,6-2",9.0,7,2,1,1,2,9,0,0,3.91,36,151,97,2.0,1.0,0,0,33,3,1,0,0,1,0,1,5,Alan Porter,"W.Miley (4-57-W), W.Harris (1), C.McHugh (2), R.Pressly (0), R.Osuna (4)"
98,99,99,Jul 19,,TEX,"W,4-3",9.0,10,3,2,1,3,15,2,0,3.89,41,167,111,0.0,0.0,2,0,38,2,0,0,0,0,1,0,4,Dan Iassogna,"J.Verlander (4-59-W), W.Harris (0-H), J.James (2-H), R.Osuna (0-Sv)"
99,100,100,Jul 20,,TEX,"W,6-1",9.0,2,1,1,0,0,13,1,0,3.86,29,127,82,0.0,0.0,0,0,29,0,0,0,0,0,0,0,3,Lance Barrett,"J.Urquidy (12-78-W), C.Devenski (3), H.Rondon (3)"
100,101,101,Jul 21,,TEX,"W,5-3",9.0,6,3,3,0,3,13,2,0,3.85,36,161,104,0.0,0.0,0,0,33,0,0,0,0,0,0,0,5,Chris Guccione,"R.Armenteros (4-63-W), J.James (1-H), C.McHugh (2-H), W.Harris (1-H), R.Osuna (1-Sv)"
101,102,102,Jul 22,,OAK,"W,11-1",9.0,2,1,1,0,1,11,0,0,3.83,31,129,82,0.0,0.0,0,0,30,2,0,0,0,0,1,0,3,Lance Barksdale,"G.Cole (4-79-W), H.Rondon (1), J.Smith (4)"
102,103,103,Jul 23,,OAK,"L,3-4",11.0,8,4,4,0,3,8,1,0,3.82,43,171,106,4.0,2.0,0,0,40,1,0,0,0,0,0,1,5,Kerwin Danley,"W.Miley (4-70), R.Osuna (1-BSv), W.Harris (1), C.McHugh (1-L), C.Devenski (2)"
103,104,104,Jul 24,,OAK,"W,4-2",9.0,6,2,1,1,2,14,0,0,3.79,35,133,87,0.0,0.0,1,0,33,0,0,0,0,0,1,1,4,John Tumpane,"J.Verlander (4-75-W), W.Harris (0-H), R.Pressly (5-H), R.Osuna (0-Sv)"
104,105,105,Jul 26,@,STL,"L,3-5",8.0,8,5,5,0,4,8,2,0,3.81,36,143,90,0.0,0.0,0,0,32,1,0,0,0,0,0,0,4,Brennan Miller,"J.Urquidy (5-64), W.Harris (1-BSv), R.Pressly (1-BL), C.Devenski (2)"
105,106,106,Jul 27,@,STL,"W,8-2",9.0,7,2,1,1,3,9,1,0,3.78,36,131,89,0.0,0.0,0,0,33,2,0,0,0,0,1,2,3,Pat Hoberg,"G.Cole (4-69-W), J.Smith (4), H.Rondon (4)"
106,107,107,Jul 28,@,STL,"W,6-2",9.0,9,2,2,0,2,10,1,1,3.77,40,159,105,0.0,0.0,0,0,37,1,0,0,0,0,1,0,4,Greg Gibson,"W.Miley (4-61-W), C.McHugh (4), H.Rondon (0), C.Devenski (1)"
107,108,108,Jul 30,@,CLE,"W,2-0",9.0,2,0,0,0,0,15,0,0,3.73,29,130,87,0.0,0.0,1,0,29,0,0,0,0,0,0,0,3,Laz Diaz,"J.Verlander (5-86-W), W.Harris (3-H), R.Osuna (5-Sv)"
108,109,109,Jul 31,@,CLE,"L,4-10",8.0,11,10,10,0,3,6,4,0,3.79,39,154,101,1.0,0.0,0,0,35,2,0,0,1,0,0,0,5,Chris Segal,"J.Urquidy (4-22-L), C.Devenski (2), C.McHugh (2), C.Sneed (19), B.Abreu (99)"
109,110,110,Aug 1,@,CLE,"W,7-1",9.0,6,1,1,0,3,5,0,0,3.77,34,121,81,3.0,0.0,1,0,30,3,0,0,0,1,0,0,4,Vic Carapazza,"G.Cole (4-67-W), H.Rondon (3), J.Smith (4), C.Devenski (0)"
110,111,111,Aug 2,,SEA,"W,10-2",9.0,3,2,2,0,8,10,1,0,3.75,38,165,89,0.0,0.0,0,0,30,0,0,0,0,0,0,0,3,Jeff Nelson,"W.Miley (4-59-W), C.McHugh (1), J.Smith (0)"
111,112,112,Aug 3,,SEA,"W,9-0",9.0,0,0,0,0,4,8,0,1,3.72,31,138,80,0.0,0.0,1,0,26,0,0,0,0,0,0,1,4,Jim Wolf,"A.Sanchez (5-76-W), W.Harris (3), J.Biagini (2), C.Devenski (1)"
112,113,113,Aug 4,,SEA,"W,3-1",9.0,4,1,1,0,2,15,1,0,3.69,33,146,89,0.0,0.0,0,0,31,0,1,0,0,0,0,0,4,Nick Mahrley,"J.Verlander (4-70-W), J.Smith (1-H), W.Harris (0-H), R.Osuna (4-Sv)"
113,114,114,Aug 6,,COL,"W,11-6",9.0,7,6,3,3,4,4,2,0,3.69,38,160,90,0.0,0.0,0,0,33,1,0,0,0,1,2,2,4,Marvin Hudson,"Z.Greinke (5-46-W), C.Devenski (2-H), H.Rondon (4), C.McHugh (3)"
114,115,115,Aug 7,,COL,"W,14-3",9.0,8,3,3,0,0,12,2,0,3.68,33,142,95,0.0,0.0,0,0,33,0,0,0,0,0,0,2,3,Adrian Johnson,"G.Cole (5-68-W), J.Biagini (3), C.McHugh (0)"
115,116,116,Aug 9,@,BAL,"W,3-2",9.0,8,2,2,0,3,9,2,0,3.67,36,157,91,1.0,0.0,0,1,33,1,0,0,0,0,0,1,5,Lance Barrett,"W.Miley (6-57-W), W.Harris (4-H), J.Smith (4-H), R.Pressly (13-H), R.Osuna (4-Sv)"
116,117,117,Aug 10,@,BAL,"W,23-2",9.0,6,2,2,0,3,11,1,0,3.65,36,145,95,0.0,0.0,0,0,32,3,0,0,0,1,1,1,5,Bill Welke,"A.Sanchez (6-60-W), H.Rondon (3), J.Smith (0), C.Devenski (3), C.McHugh (2)"
117,118,118,Aug 11,@,BAL,"L,7-8",8.2,16,8,8,0,2,16,1,2,3.69,45,191,125,0.0,0.0,2,0,39,5,1,0,0,2,0,0,5,Sean Barber,"J.Verlander (6-43), C.Devenski (0), W.Harris (1), J.Biagini (3), R.Osuna (1-BL)"
118,119,119,Aug 13(1),@,CHW,"W,6-2",9.0,7,2,2,0,2,9,0,1,3.68,34,139,91,0.0,0.0,0,0,31,2,0,0,0,0,0,2,4,Todd Tichenor,"Z.Greinke (6-54-W), W.Harris (1-H), R.Pressly (3-H), C.McHugh (2)"
119,120,120,Aug 13(2),@,CHW,"L,1-4",8.0,10,4,2,2,2,6,0,0,3.67,35,114,78,0.0,0.0,0,0,33,1,0,0,0,0,1,1,4,Ben May,"C.Devenski (1-38-L), J.Biagini (1), H.Rondon (2), J.Smith (2)"
120,121,121,Aug 14,@,CHW,"L,9-13",8.0,15,13,9,4,3,7,2,0,3.71,41,157,100,3.0,2.0,0,0,36,5,0,0,1,1,1,2,5,Phil Cuzzi,"W.Miley (4-22), C.McHugh (0), J.Smith (0), W.Harris (0), R.Pressly (0-L)"
121,122,122,Aug 15,@,OAK,"L,6-7",8.0,8,7,7,0,2,6,5,0,3.74,33,120,73,2.0,0.0,0,0,31,1,0,0,0,0,0,1,3,Ryan Blakney,"A.Sanchez (4-31), H.Rondon (1), C.Devenski (1-L)"
122,123,123,Aug 16,@,OAK,"L,2-3",12.2,8,3,3,0,1,19,2,0,3.72,47,181,124,0.0,0.0,1,0,45,2,0,0,1,0,0,0,7,Tripp Gibson,"J.Verlander (4-72), R.Pressly (1), R.Osuna (4), W.Harris (1), J.Smith (1), H.Rondon (0), C.Sneed (15-L)"
123,124,124,Aug 17,@,OAK,"L,4-8",8.0,13,8,8,0,3,6,0,1,3.76,40,152,93,0.0,0.0,0,0,35,3,0,0,0,1,0,0,4,Chris Conroy,"R.Armenteros (26-30-L), C.Devenski (1), C.McHugh (2), J.Smith (0)"
124,125,125,Aug 18,@,OAK,"W,4-1",9.0,6,1,1,0,3,7,1,0,3.74,34,114,73,0.0,0.0,0,0,31,1,0,0,0,0,0,2,3,Mark Carlson,"Z.Greinke (4-68-W), R.Pressly (1-H), R.Osuna (1-Sv)"
125,126,126,Aug 19,,DET,"W,5-4",9.0,14,4,4,0,1,14,2,0,3.74,42,174,114,1.0,0.0,0,0,40,1,0,0,0,1,1,0,4,Alfonso Marquez,"W.Miley (4-45-W), H.Rondon (2-H), W.Harris (2-H), R.Osuna (0-Sv)"
126,127,127,Aug 20,,DET,"W,6-3",9.0,10,3,3,0,3,11,1,0,3.74,39,153,106,3.0,1.0,0,0,36,2,0,0,0,0,0,1,6,David Rackley,"A.Sanchez (4-36), B.Peacock (53-W), C.McHugh (2-H), J.Smith (2-H), R.Pressly (1-H), R.Osuna (0-Sv)"
127,128,128,Aug 21,,DET,"L,1-2",9.0,2,2,2,0,0,11,2,0,3.72,29,99,75,,,0,0,29,0,0,0,0,0,0,0,1,Quinn Wolcott,J.Verlander (4-86-L)
128,129,129,Aug 22,,DET,"W,6-3",9.0,5,3,3,0,3,14,2,0,3.72,35,138,91,1.0,0.0,0,0,32,0,0,0,0,0,0,0,4,Jeremie Rehak,"G.Cole (14-84-W), J.Smith (1), J.Biagini (8), R.Osuna (1-Sv)"
129,130,130,Aug 23,,LAA,"W,5-4",9.0,11,4,3,1,0,3,1,0,3.71,37,124,83,2.0,0.0,0,0,37,2,0,0,0,0,1,2,4,Stu Scheurwater,"Z.Greinke (4-45-W), W.Harris (3-H), H.Rondon (3-H), R.Osuna (0-Sv)"
130,131,131,Aug 24,,LAA,"W,5-2",9.0,7,2,2,0,7,8,1,0,3.7,39,177,96,2.0,0.0,0,0,32,1,0,0,0,0,0,1,6,Alan Porter,"W.Miley (4-56-W), B.Peacock (3), C.Devenski (6-H), J.Smith (1), C.McHugh (3-H), W.Harris (0-Sv)"
131,132,132,Aug 25,,LAA,"W,11-2",9.0,4,2,2,0,5,8,2,2,3.69,35,127,73,0.0,0.0,0,0,28,0,0,0,0,0,0,3,4,Mark Wegner,"F.Valdez (40-67-W), H.Rondon (1-H), J.Smith (0-H), C.Devenski (0)"
132,133,133,Aug 27,,TBR,"W,15-1",9.0,7,1,1,0,4,5,1,1,3.67,38,152,93,1.0,0.0,0,0,33,2,0,0,0,0,0,1,4,Pat Hoberg,"J.Verlander (5-64-W), B.Peacock (2), C.McHugh (2), J.Biagini (4)"
133,134,134,Aug 28,,TBR,"W,8-6",9.0,7,6,6,0,2,19,2,0,3.68,36,153,105,1.0,0.0,0,0,33,1,1,0,0,1,0,0,3,Greg Gibson,"G.Cole (5-59), W.Harris (3-W), R.Osuna (4)"
134,135,135,Aug 29,,TBR,"L,8-9",9.0,14,9,9,0,2,11,2,0,3.72,43,155,106,2.0,1.0,1,0,41,2,0,0,0,0,0,0,5,Jordan Baker,"Z.Greinke (5-44), J.Smith (3-BSv), C.Devenski (3-BL), H.Rondon (3), C.Sneed (12)"
135,136,136,Aug 30,@,TOR,"W,7-4",9.0,8,4,3,1,7,10,3,0,3.72,41,194,113,1.0,0.0,0,0,33,1,0,0,0,0,0,1,6,Mike Estabrook,"W.Miley (5-55), C.McHugh (2-W), J.Biagini (2-H), H.Rondon (0), C.Devenski (0), W.Harris (1)"
136,137,137,Aug 31,@,TOR,"L,4-6",8.0,10,6,6,0,4,7,2,0,3.74,37,139,86,1.0,1.0,1,0,33,1,0,0,0,0,0,0,3,Bruce Dreckman,"F.Valdez (5-29-L), J.Smith (1), C.Sneed (1)"
137,138,138,Sep 1,@,TOR,"W,2-0",9.0,0,0,0,0,1,14,0,0,3.71,28,120,79,,,0,0,27,0,0,0,0,0,0,0,1,Paul Emmel,J.Verlander (4-100-W)
138,139,139,Sep 2,@,MIL,"W,3-2",10.0,6,2,2,0,4,20,2,0,3.69,40,171,111,0.0,0.0,0,0,36,0,0,0,0,0,1,1,5,Ben May,"G.Cole (4-74), H.Rondon (2-H), W.Harris (2-H), R.Osuna (4-BW), J.James (42-Sv)"
139,140,140,Sep 3,@,MIL,"L,2-4",8.0,9,4,4,0,2,5,1,0,3.7,34,133,86,1.0,0.0,0,0,31,3,0,0,1,0,0,1,4,Chad Whitson,"Z.Greinke (4-44-L), C.Devenski (3), C.Pérez (78), J.Biagini (3)"
140,141,141,Sep 5,,SEA,"W,11-9",13.0,12,9,9,0,3,15,4,0,3.73,54,230,154,3.0,1.0,2,0,51,2,0,0,0,0,0,0,8,Joe West,"W.Miley (5-19), C.Sneed (4), J.Urquidy (35), J.Biagini (1), J.Smith (4), R.Osuna (2), H.Rondon (2), J.James (2-W)"
141,142,142,Sep 6,,SEA,"W,7-4",9.0,4,4,4,0,7,11,1,1,3.73,39,159,95,1.0,0.0,3,0,31,0,0,0,0,0,0,0,6,Dan Iassogna,"F.Valdez (5-46), J.Biagini (0), J.Smith (0-W), H.Rondon (0-H), W.Harris (3-H), R.Osuna (0-Sv)"
142,143,143,Sep 7,,SEA,"W,2-1",9.0,6,1,1,0,1,10,0,0,3.71,32,133,94,0.0,0.0,1,1,31,2,1,0,0,0,0,1,3,Nick Mahrley,"J.Verlander (5-71-W), J.James (1-H), W.Harris (0-Sv)"
143,144,144,Sep 8,,SEA,"W,21-1",9.0,1,1,1,0,0,17,1,0,3.69,28,107,75,0.0,0.0,0,0,28,0,0,0,0,0,0,0,2,Hunter Wendelstedt,"G.Cole (5-91-W), C.Devenski (4)"
144,145,145,Sep 9,,OAK,"W,15-0",9.0,3,0,0,0,1,10,0,0,3.66,30,119,79,0.0,0.0,0,0,29,1,0,0,0,0,1,2,3,Adrian Johnson,"Z.Greinke (5-73-W), B.Abreu (39), C.Pérez (5)"
145,146,146,Sep 10,,OAK,"L,7-21",9.0,25,21,21,0,4,7,6,0,3.78,56,200,134,2.0,1.0,0,0,51,3,0,0,0,1,0,0,5,Chris Conroy,"W.Miley (4-8-L), C.Sneed (4), J.Biagini (3), C.Devenski (1), F.Valdez (3)"
146,147,147,Sep 11,,OAK,"L,3-5",9.0,7,5,5,0,3,16,2,1,3.79,38,173,106,1.0,1.0,1,0,34,2,0,0,0,0,0,1,6,Marvin Hudson,"J.Urquidy (5-70), J.James (3-BL), J.Smith (4), H.Rondon (4), W.Harris (3), B.Abreu (1)"
147,148,148,Sep 12,,OAK,"L,2-3",9.0,6,3,3,0,2,17,1,0,3.79,35,144,98,0.0,0.0,0,0,33,1,0,0,0,0,0,0,4,Cory Blaser,"J.Verlander (4-59-L), J.Smith (0), J.James (0), R.Osuna (5)"
148,149,149,Sep 13,@,KCR,"W,4-1",9.0,5,1,0,1,2,12,0,0,3.76,33,114,80,0.0,0.0,1,0,30,2,0,0,0,1,0,0,2,Lance Barrett,"G.Cole (4-81-W), R.Osuna (0-Sv)"
149,150,150,Sep 14,@,KCR,"W,6-1",9.0,8,1,1,0,0,10,0,0,3.74,34,147,96,2.0,0.0,0,0,34,2,0,0,0,0,0,1,5,Chris Guccione,"Z.Greinke (4-63-W), H.Rondon (2-H), J.Smith (1), B.Abreu (2), W.Harris (2)"
150,151,151,Sep 15,@,KCR,"W,12-3",9.0,12,3,3,0,3,7,0,0,3.74,41,147,95,0.0,0.0,0,1,38,2,1,0,0,0,0,0,4,Jansen Visconti,"W.Miley (4-52-W), J.James (2), C.Devenski (4), F.Valdez (4)"
151,152,152,Sep 17,,TEX,"W,4-1",9.0,6,1,1,0,2,12,1,0,3.72,32,130,83,0.0,0.0,0,1,30,1,0,0,0,0,0,1,4,Angel Hernandez,"J.Verlander (4-70-W), H.Rondon (2-H), W.Harris (2-H), R.Osuna (3-Sv)"
152,153,153,Sep 18,,TEX,"W,3-2",9.0,7,2,2,0,2,11,1,0,3.71,34,116,81,0.0,0.0,1,0,32,0,0,0,0,0,0,1,2,Lance Barksdale,"G.Cole (4-71-W), R.Osuna (0-Sv)"
153,154,154,Sep 20,,LAA,"W,6-4",9.0,8,4,4,0,1,11,1,0,3.71,35,139,94,0.0,0.0,0,0,34,1,0,0,0,0,0,1,5,Mike Estabrook,"Z.Greinke (5-41-W), J.James (4-H), R.Pressly (30-H), W.Harris (2-H), R.Osuna (1-Sv)"
154,155,155,Sep 21,,LAA,"L,4-8",9.0,12,8,8,0,4,10,2,1,3.74,44,179,108,3.0,1.0,2,0,39,1,0,0,0,0,0,0,7,Ryan Blakney,"W.Miley (5-28-L), J.Urquidy (9), B.Abreu (6), C.Devenski (5), J.Smith (6), H.Rondon (3), J.Biagini (10)"
155,156,156,Sep 22,,LAA,"W,13-5",9.0,8,5,4,1,6,10,0,0,3.74,41,170,109,3.0,3.0,0,0,35,1,2,0,0,0,1,1,6,Chad Fairchild,"J.Verlander (4-50-W), B.Peacock (25), F.Valdez (6), J.James (1), C.Devenski (0), R.Osuna (1)"
156,157,157,Sep 24,@,SEA,"W,3-0",9.0,4,0,0,0,1,18,0,0,3.72,32,145,88,0.0,0.0,0,0,31,1,0,0,0,0,0,0,3,Manny Gonzalez,"G.Cole (5-87-W), R.Pressly (3-H), R.Osuna (1-Sv)"
157,158,158,Sep 25,@,SEA,"W,3-0",9.0,2,0,0,0,1,10,0,0,3.69,29,118,75,2.0,0.0,0,0,28,0,0,0,0,0,0,0,2,Sam Holbrook,"Z.Greinke (4-87-W), W.Harris (4-Sv)"
158,159,159,Sep 26,@,LAA,"L,3-4",11.2,7,4,3,1,4,7,0,0,3.68,47,203,123,1.0,0.0,1,0,42,3,0,0,0,1,1,0,8,David Rackley,"W.Miley (4-40), B.Peacock (3), B.Abreu (4), J.Smith (4), J.James (3), H.Rondon (4), C.Devenski (3), J.Biagini (4-L)"
159,160,160,Sep 27,@,LAA,"W,4-0",9.0,3,0,0,0,1,7,0,0,3.66,29,111,72,0.0,0.0,0,0,28,0,0,0,0,0,0,2,4,Ben May,"J.Urquidy (5-67-W), R.Pressly (2-H), W.Harris (1), J.James (0)"
160,161,161,Sep 28,@,LAA,"W,6-3",9.0,5,3,3,0,1,13,2,1,3.65,34,112,83,0.0,0.0,0,0,32,0,0,0,0,0,0,1,4,Larry Vanover,"J.Verlander (5-64-W), H.Rondon (1-H), R.Pressly (0-H), R.Osuna (3-Sv)"
161,162,162,Sep 29,@,LAA,"W,8-5",9.0,8,5,5,0,4,15,2,1,3.66,40,172,111,2.0,0.0,0,0,35,4,0,0,0,0,0,0,6,Alfonso Marquez,"G.Cole (4-63-W), B.Peacock (2), B.Abreu (2), J.Smith (2), C.Devenski (2-H), W.Harris (1-Sv)"
